IMPORTANT DETAIL,,,,,,,,,,,,,,,,,,,,,,,,,,,,,,,,,,,,,,,,,,,,,,,,,,,,,,,,,,,,,,,,,,,,,,,,,,,,,,,,
"In order to insert a suggestion that uses a PivotTable or formula, your data was organized in columns with a single header row.",,,,,,,,,,,,,,,,,,,,,,,,,,,,,,,,,,,,,,,,,,,,,,,,,,,,,,,,,,,,,,,,,,,,,,,,,,,,,,,,
,,,,,,,,,,,,,,,,,,,,,,,,,,,,,,,,,,,,,,,,,,,,,,,,,,,,,,,,,,,,,,,,,,,,,,,,,,,,,,,,
,,,,,,,,,,,,,,,,,,,,,,,,,,,,,,,,,,,,,,,,,,,,,,,,,,,,,,,,,,,,,,,,,,,,,,,,,,,,,,,,
,Round number,Plant#,PlantCode,PlantCode2,WaterTrt,WaterCode,MetarhiziumTrt,MetaCode,DetectionCode,TreatmentCode,TrialCode,ObservationCode,SoilBait%,SoilBaitProp,ArcSinSoilBaitProp,Colonization_Root,PropColonization_Root,ArcSinColon_Root,%Colon_Root,Colonization_Leaf,PropColonization_Leaf,%Colonization_Leaf,Height,Height Std Error,Chl_content,T1,T2,T3,Temp_avg,Leaf disc FW,TW,DW,RWC_Calc,Bag+Biomass,Bag,Biomass,pH,initial_pH,pH_percent_Change,Phosphorus_ppm,initial_Phos,Phosphorus_percent_Change,Potassium_ppm,initial_Potassium,Potassium_percent_Change,Magnesium_ppm,initial_Magnesium,Magnesium_percent_Change,Calcium_ppm,initial_Calcium,Calcium_percent_Change,Acidity_(meq/100g),CEC (meq/100g),initial_CEC,CEC_percent_Change,K%_Sat_CEC,Mg% Saturation of CEC,Ca%_Sat_CEC,Zinc_ppm,initial_Zinc,Zinc_percent_Change,Copper_ppm,initial_Copper,Copper_percent_Change,Sulfur_ppm,initial_Sulfur,Sulfur_percent_Change,Sample_ID,Customer_ID,PT_N %,PT_P %,PT_K %,PT_Ca %,PT_Mg %,PT_S %,PT_Mn_ppm,PT_Fe_ppm,PT_Cu_ppm,PT_B_ppm,PT_Zn_ppm
,Tr1,1,PL,PL1,deficit,Def,uninoculated,Unin,_,DefUnin_,Tr1DefUnin,Tr1DefUninPL1,0,0,0,0,0,0,0,0,0,0,89.5,0.353488527,39.5,83.8,83.8,83.4,83.66666667,0.0471,0.064,0.0091,69.21675774,29.13,22.05,7.08,7.42,7.156666667,3.679552864,68,57.66666667,17.91907514,111,152.6666667,-27.29257642,361,453,-20.30905077,2734,3097.4,-11.73242074,0,17,19.13333333,-11.14982578,1.7,17.7,80.6,4.9,4.4,11.36363636,4.5,4.033333333,11.57024793,19.7,50.1,-60.67864271,PK21-00627,44563,1.882,0.11,3.95,0.59,0.25,0.17,87,56,5,12,36
,Tr1,2,PL,PL2,deficit,Def,uninoculated,Unin,_,DefUnin_,Tr1DefUnin,Tr1DefUninPL2,0,0,0,0,0,0,0,0,0,0,87.7,0.353488527,42.2,85.3,85.3,83.5,84.7,0.0433,0.0532,0.0088,77.7027027,27.33,22.11,5.22,7.16,7.156666667,0.046576619,70,57.66666667,21.38728324,106,152.6666667,-30.56768559,389,453,-14.12803532,2942.4,3097.4,-5.004197069,0,18.2,19.13333333,-4.87804878,1.5,17.8,80.7,5.6,4.4,27.27272727,4.8,4.033333333,19.00826446,26.3,50.1,-47.50499002,PK21-00628,44594,2.595,0.16,4.28,0.90,0.39,0.18,28,72,6,13,27
,Tr1,3,PL,PL3,deficit,Def,uninoculated,Unin,_,DefUnin_,Tr1DefUnin,Tr1DefUninPL3,0,0,0,0,0,0,0,0,0,0,76.9,0.353488527,39.9,84.2,83.9,83.2,83.76666667,0.0418,0.0449,0.0074,91.73333333,24.58,21.97,2.61,7.02,7.156666667,-1.90964136,67,57.66666667,16.1849711,148,152.6666667,-3.056768559,392,453,-13.46578366,2922.9,3097.4,-5.633757345,0,18.3,19.13333333,-4.355400697,2.1,17.9,80,4.8,4.4,9.090909091,5.3,4.033333333,31.40495868,31.2,50.1,-37.7245509,PK21-00629,44622,2.788,0.18,4.87,0.75,0.33,0.19,28,66,6,13,27
,Tr1,4,PL,PL4,deficit,Def,uninoculated,Unin,_,DefUnin_,Tr1DefUnin,Tr1DefUninPL4,0,0,0,0,0,0,0,0,0,0,96.5,0.353488527,40.1,82.9,84.5,84.8,84.06666667,0.0463,0.0538,0.0098,82.95454545,28.7,21.93,6.77,7.32,7.156666667,2.282254308,57,57.66666667,-1.156069364,109,152.6666667,-28.60262009,362,453,-20.08830022,2704.9,3097.4,-12.67191838,0,16.8,19.13333333,-12.19512195,1.7,17.9,80.4,3.8,4.4,-13.63636364,3.5,4.033333333,-13.2231405,23.8,50.1,-52.49500998,PK21-00630,44653,2.491,0.12,5.13,0.65,0.31,0.18,62,61,6,15,38
,Tr1,5,PL,PL5,deficit,Def,uninoculated,Unin,_,DefUnin_,Tr1DefUnin,Tr1DefUninPL5,0,0,0,0,0,0,0,0,0,0,93.7,0.353488527,48.1,84.2,84.9,82.1,83.73333333,0.0454,0.0497,0.0087,89.51219512,27.92,21.28,6.64,7.18,7.156666667,0.32603633,75,57.66666667,30.05780347,122,152.6666667,-20.08733624,383,453,-15.45253863,2913.8,3097.4,-5.927552141,0,18.1,19.13333333,-5.400696864,1.7,17.7,80.6,5.7,4.4,29.54545455,5.1,4.033333333,26.44628099,29.7,50.1,-40.71856287,PK21-00631,44683,2.757,0.22,4.17,0.77,0.41,0.20,23,65,7,10,29
,Tr1,6,PL,PL6,deficit,Def,uninoculated,Unin,_,DefUnin_,Tr1DefUnin,Tr1DefUninPL6,0,0,0,0,0,0,0,0,0,0,86.9,0.353488527,42.1,82.8,82.2,82.9,82.63333333,0.0428,0.0504,0.0084,81.9047619,28.95,22,6.95,6.91,7.156666667,-3.446669772,77,57.66666667,33.52601156,144,152.6666667,-5.676855895,526,453,16.11479029,2911.6,3097.4,-5.998579454,0,19.3,19.13333333,0.871080139,1.9,22.7,75.4,5.7,4.4,29.54545455,4.4,4.033333333,9.090909091,37,50.1,-26.14770459,PK21-00632,44714,1.539,0.12,3.85,0.62,0.29,0.15,27,50,4,9,23
,Tr1,7,PL,PL7,deficit,Def,uninoculated,Unin,_,DefUnin_,Tr1DefUnin,Tr1DefUninPL7,0,0,0,0,0,0,0,0,0,0,95.8,0.353488527,41.8,83.3,84.2,84.2,83.9,0.0479,0.0568,0.01,80.98290598,30.31,21.79,8.52,7.4,7.156666667,3.400093153,65,57.66666667,12.71676301,108,152.6666667,-29.25764192,366,453,-19.20529801,2830.5,3097.4,-8.616904501,0,17.5,19.13333333,-8.536585366,1.6,17.4,81,4.5,4.4,2.272727273,4.9,4.033333333,21.48760331,22.1,50.1,-55.88822355,PK21-00633,44744,2.052,0.13,3.99,0.63,0.30,0.17,46,62,5,11,29
,Tr1,8,PL,PL8,deficit,Def,uninoculated,Unin,_,DefUnin_,Tr1DefUnin,Tr1DefUninPL8,0,0,0,0,0,0,0,0,0,0,98.8,0.353488527,48.9,81.4,82.7,82.5,82.2,0.0437,0.0517,0.0083,81.56682028,29.6,22.11,7.49,7.37,7.156666667,2.980903586,54,57.66666667,-6.358381503,147,152.6666667,-3.711790393,377,453,-16.77704194,2970.7,3097.4,-4.090527539,0,18.4,19.13333333,-3.832752613,2.1,17.1,80.8,3.8,4.4,-13.63636364,4.4,4.033333333,9.090909091,29.3,50.1,-41.51696607,PK21-00634,44775,2.475,0.13,4.88,0.71,0.30,0.18,85,76,6,14,37
,Tr1,9,PL,PL9,deficit,Def,uninoculated,Unin,_,DefUnin_,Tr1DefUnin,Tr1DefUninPL9,0,0,0,0,0,0,0,0,0,0,101.1,0.353488527,42.5,82.5,84.4,83.8,83.56666667,0.0493,0.0567,0.0098,84.2217484,29.53,21.91,7.62,7.21,7.156666667,0.745225897,71,57.66666667,23.12138728,150,152.6666667,-1.746724891,356,453,-21.41280353,2779.5,3097.4,-10.26344676,0,17.2,19.13333333,-10.10452962,2.2,17.2,80.6,5.6,4.4,27.27272727,5,4.033333333,23.96694215,41.6,50.1,-16.96606786,PK21-00635,44806,2.565,0.14,4.98,0.69,0.30,0.19,75,68,7,17,39
,Tr1,11,PL,PL11,deficit,Def,inoculated,Inoc,ND,DefInocND,Tr1DefInoc,Tr1DefInocPL11,53.33333333,0.533333333,0.818756238,0,0,0,0,0,0,0,81.4,1.190014755,43.3,84.4,84.2,83.3,83.96666667,0.0466,0.0511,0.0102,88.99755501,27.05,21.56,5.49,7.18,7.156666667,0.32603633,65,57.66666667,12.71676301,129,152.6666667,-15.50218341,432,453,-4.635761589,3045.6,3097.4,-1.672370375,0,18.9,19.13333333,-1.219512195,1.7,19,79.2,5,4.4,13.63636364,5.1,4.033333333,26.44628099,31.5,50.1,-37.1257485,PK21-00636,44867,2.625,0.20,4.41,0.74,0.36,0.19,23,78,6,12,28
,Tr1,12,PL,PL12,deficit,Def,inoculated,Inoc,ND,DefInocND,Tr1DefInoc,Tr1DefInocPL12,73.333,0.73333,1.028153456,0,0,0,0,0,0,0,87.6,1.190014755,39.1,82.9,85.2,83.8,83.96666667,0.0432,0.0516,0.0094,80.09478673,28.3,21.92,6.38,6.77,7.156666667,-5.40288775,62,57.66666667,7.514450867,151,152.6666667,-1.091703057,518,453,14.34878587,2763.9,3097.4,-10.76709498,2,20.5,19.13333333,7.142857143,1.9,21,67.3,4.4,4.4,2.01859E-14,4.9,4.033333333,21.48760331,27.3,50.1,-45.50898204,PK21-00637,44897,2.072,0.12,4.25,0.67,0.33,0.16,37,63,5,12,31
,Tr1,13,PL,PL13,deficit,Def,inoculated,Inoc,Det,DefInocDet,Tr1DefInoc,Tr1DefInocPL13,93.333,0.93333,1.309632234,1,0.166666667,0.420534335,16.66666667,0,0,0,86.6,0.446400922,46,82.8,84.2,84.1,83.7,0.0409,0.0419,0.0081,97.04142012,26.08,22.11,3.97,7.02,7.156666667,-1.90964136,59,57.66666667,2.312138728,137,152.6666667,-10.26200873,405,453,-10.59602649,3024.9,3097.4,-2.340672822,0,18.7,19.13333333,-2.264808362,1.9,18,80.1,6.5,4.4,47.72727273,5,4.033333333,23.96694215,38.2,50.1,-23.75249501,PK21-00638,13-2,3.076,0.21,4.72,0.79,0.37,0.20,24,98,7,13,27
,Tr1,14,PL,PL14,deficit,Def,inoculated,Inoc,ND,DefInocND,Tr1DefInoc,Tr1DefInocPL14,73.333,0.73333,1.028153456,0,0,0,0,0,0,0,99.5,1.190014755,38.2,82.8,84.1,84.8,83.9,0.0451,0.0506,0.0092,86.71497585,29.93,22.23,7.7,7.23,7.156666667,1.024685608,60,57.66666667,4.046242775,170,152.6666667,11.35371179,401,453,-11.4790287,2921.4,3097.4,-5.682185058,0,18.4,19.13333333,-3.832752613,2.4,18.2,79.5,4.1,4.4,-6.818181818,4.2,4.033333333,4.132231405,38.9,50.1,-22.35528942,PK21-00639,14-2,2.425,0.13,5.00,0.64,0.32,0.18,75,70,7,16,40
,Tr1,15,PL,PL15,deficit,Def,inoculated,Inoc,Det,DefInocDet,Tr1DefInoc,Tr1DefInocPL15,100,1,1.570796327,2,0.333333333,0.615479709,33.33333333,0,0,0,95.9,0.446400922,42.3,84.5,84.5,83.2,84.06666667,0.0478,0.0581,0.011,78.13163482,30.41,22.45,7.96,7.12,7.156666667,-0.512342804,65,57.66666667,12.71676301,141,152.6666667,-7.641921397,457,453,0.883002208,2981,3097.4,-3.757990573,0,19.1,19.13333333,-0.174216028,1.9,20,78.1,4.9,4.4,11.36363636,5,4.033333333,23.96694215,41.3,50.1,-17.56487026,PK21-00640,15-2,1.456,0.12,3.96,0.58,0.24,0.14,50,46,4,10,22
,Tr1,16,PL,PL16,deficit,Def,inoculated,Inoc,Det,DefInocDet,Tr1DefInoc,Tr1DefInocPL16,93.333,0.93333,1.309632234,6,1,1.570796327,100,0,0,0,99,0.446400922,41.9,83.5,83.8,82.4,83.23333333,0.0468,0.0565,0.0101,79.09482759,29.28,22.55,6.73,7.21,7.156666667,0.745225897,63,57.66666667,9.248554913,111,152.6666667,-27.29257642,378,453,-16.55629139,2961.3,3097.4,-4.394007878,0,18.2,19.13333333,-4.87804878,1.6,17.3,81.2,4.6,4.4,4.545454545,4.6,4.033333333,14.04958678,29.2,50.1,-41.71656687,PK21-00641,16-2,2.324,0.11,4.06,0.65,0.32,0.17,54,68,6,13,34
,Tr1,17,PL,PL17,deficit,Def,inoculated,Inoc,ND,DefInocND,Tr1DefInoc,Tr1DefInocPL17,80,0.8,1.107148718,0,0,0,0,0,0,0,92.3,1.190014755,38.6,83.3,84.1,82.7,83.36666667,0.0521,0.0642,0.0088,78.15884477,29.6,22.49,7.11,7.12,7.156666667,-0.512342804,61,57.66666667,5.780346821,144,152.6666667,-5.676855895,442,453,-2.428256071,2994.3,3097.4,-3.328598179,0,19,19.13333333,-0.696864111,1.9,19.4,78.7,4.6,4.4,4.545454545,4.4,4.033333333,9.090909091,40.1,50.1,-19.96007984,PK21-00642,17-2,2.359,0.11,4.32,0.64,0.31,0.18,78,68,6,14,45
,Tr1,18,PL,PL18,deficit,Def,inoculated,Inoc,ND,DefInocND,Tr1DefInoc,Tr1DefInocPL18,100,1,1.570796327,0,0,0,0,0,0,0,93.5,1.190014755,44.3,82.4,82.3,82.7,82.46666667,0.0456,0.0458,0.0085,99.46380697,28.78,22.42,6.36,6.91,7.156666667,-3.446669772,52,57.66666667,-9.826589595,147,152.6666667,-3.711790393,391,453,-13.68653422,2858.5,3097.4,-7.712920514,0,17.9,19.13333333,-6.445993031,2.1,18.2,79.7,3.7,4.4,-15.90909091,4.2,4.033333333,4.132231405,40.3,50.1,-19.56087824,PK21-00643,18-2,2.444,0.14,4.63,0.76,0.32,0.18,55,65,7,13,22
,Tr1,19,PL,PL19,deficit,Def,inoculated,Inoc,Det,DefInocDet,Tr1DefInoc,Tr1DefInocPL19,93.333,0.93333,1.309632234,3,0.5,0.785398163,50,0,0,0,105.5,0.446400922,38.1,82.1,83.1,82.6,82.6,0.0478,0.048,0.0088,99.48979592,28.61,22.2,6.41,7.27,7.156666667,1.58360503,48,57.66666667,-16.76300578,96,152.6666667,-37.11790393,546,453,20.52980132,3506.3,3097.4,13.20139472,0,19.8,19.13333333,3.484320557,1.2,23,75.8,4,4.4,-9.090909091,3.4,4.033333333,-15.70247934,32.1,50.1,-35.92814371,PK21-00644,19-2,1.381,0.13,3.88,0.61,0.29,0.14,64,51,4,11,19
,Tr1,21,PL,PL21,adequate,Ade,uninoculated,Unin,_,AdeUninND,Tr1AdeUnin,Tr1AdeUninPL21,0,0,0,0,0,0,0,0,0,0,104.1,0.352595226,44,84.1,83.8,83.1,83.66666667,0.0549,0.0592,0.0086,91.50197628,30.36,21.77,8.59,7.18,7.156666667,0.32603633,65,57.66666667,12.71676301,115,152.6666667,-24.67248908,502,453,10.81677704,2738.9,3097.4,-11.57422354,0,18.2,19.13333333,-4.87804878,1.6,23,75.4,5.4,4.4,22.72727273,5.4,4.033333333,33.88429752,40.7,50.1,-18.76247505,PK21-00645,21-2,2.049,0.34,4.79,0.65,0.33,0.20,35,67,6,9,26
,Tr1,22,PL,PL22,adequate,Ade,uninoculated,Unin,_,AdeUnin_,Tr1AdeUnin,Tr1AdeUninPL22,0,0,0,0,0,0,0,0,0,0,118.1,0.352595226,45.3,82.1,82.5,83.8,82.8,0.0478,0.0533,0.0103,87.20930233,32.85,22.32,10.53,7.62,7.156666667,6.474149977,72,57.66666667,24.85549133,87,152.6666667,-43.01310044,376,453,-16.99779249,2875.4,3097.4,-7.167301608,0,17.7,19.13333333,-7.491289199,1.3,17.7,81.1,5.1,4.4,15.90909091,4.8,4.033333333,19.00826446,20,50.1,-60.07984032,PK21-00646,22-2,2.503,0.28,3.37,0.80,0.45,0.19,22,77,6,10,20
,Tr1,23,PL,PL23,adequate,Ade,uninoculated,Unin,_,AdeUnin_,Tr1AdeUnin,Tr1AdeUninPL23,0,0,0,0,0,0,0,0,0,0,125.1,0.352595226,43.9,82.5,82.1,83.5,82.7,0.0499,0.0523,0.0096,94.3793911,33.54,22.19,11.35,7.5,7.156666667,4.797391709,65,57.66666667,12.71676301,89,152.6666667,-41.70305677,448,453,-1.103752759,2937.7,3097.4,-5.155937238,0,18.7,19.13333333,-2.264808362,1.2,20,78.8,17.9,4.4,306.8181818,5,4.033333333,23.96694215,25.2,50.1,-49.7005988,PK21-00647,23-2,1.699,0.27,3.74,0.66,0.37,0.16,26,60,5,9,30
,Tr1,24,PL,PL24,adequate,Ade,uninoculated,Unin,_,AdeUnin_,Tr1AdeUnin,Tr1AdeUninPL24,0,0,0,0,0,0,0,0,0,0,129,0.352595226,38.7,83.8,83.5,84.1,83.8,0.0567,0.0571,0.0101,99.14893617,33.5,22.21,11.29,7.33,7.156666667,2.421984164,46,57.66666667,-20.23121387,53,152.6666667,-65.28384279,484,453,6.843267108,2489.7,3097.4,-19.61968102,0,16.6,19.13333333,-13.24041812,0.8,24.3,74.9,3.2,4.4,-27.27272727,4.5,4.033333333,11.57024793,18.7,50.1,-62.6746507,PK21-00648,24-2,1.184,0.22,3.63,0.49,0.25,0.12,40,41,5,10,18
,Tr1,25,PL,PL25,adequate,Ade,uninoculated,Unin,_,AdeUnin_,Tr1AdeUnin,Tr1AdeUninPL25,0,0,0,0,0,0,0,0,0,0,122.1,0.352595226,45.6,83.1,84.4,82.9,83.46666667,0.0479,0.0496,0.0096,95.75,34.43,22.16,12.27,7.16,7.156666667,0.046576619,62,57.66666667,7.514450867,115,152.6666667,-24.67248908,484,453,6.843267108,2751.1,3097.4,-11.18034481,0,18.1,19.13333333,-5.400696864,1.6,22.3,76.1,4.6,4.4,4.545454545,5.1,4.033333333,26.44628099,41.1,50.1,-17.96407186,PK21-00649,25-2,2.510,0.29,4.33,0.76,0.40,0.20,42,60,7,12,26
,Tr1,26,PL,PL26,adequate,Ade,uninoculated,Unin,_,AdeUnin_,Tr1AdeUnin,Tr1AdeUninPL26,13.333,0.13333,0.373787272,0,0,0,0,0,0,0,117.5,0.352595226,44.5,81.8,82.5,82.1,82.13333333,0.0478,0.0496,0.0096,95.5,33.65,22.22,11.43,7.53,7.156666667,5.216581276,64,57.66666667,10.98265896,95,152.6666667,-37.77292576,415,453,-8.388520971,2888.4,3097.4,-6.747594757,0,18.1,19.13333333,-5.400696864,1.3,19.1,79.6,4.5,4.4,2.272727273,5.1,4.033333333,26.44628099,28.7,50.1,-42.71457086,PK21-00650,26-2,2.074,0.23,4.04,0.78,0.35,0.17,46,64,6,12,18
,Tr1,27,PL,PL27,adequate,Ade,uninoculated,Unin,_,AdeUnin_,Tr1AdeUnin,Tr1AdeUninPL27,0,0,0,0,0,0,0,0,0,0,115.8,0.352595226,49.5,81.9,81.9,82.1,81.96666667,0.0483,0.0506,0.009,94.47115385,33.48,22.3,11.18,7.46,7.156666667,4.238472287,69,57.66666667,19.65317919,92,152.6666667,-39.73799127,503,453,11.03752759,2991.3,3097.4,-3.425453606,0,19.4,19.13333333,1.393728223,1.2,21.6,77.2,4.8,4.4,9.090909091,4.9,4.033333333,21.48760331,26.5,50.1,-47.10578842,PK21-00651,27-2,1.522,0.26,4.04,0.70,0.30,0.15,47,52,5,10,16
,Tr1,28,PL,PL28,adequate,Ade,uninoculated,Unin,_,AdeUnin_,Tr1AdeUnin,Tr1AdeUninPL28,0,0,0,0,0,0,0,0,0,0,118.4,0.352595226,42.6,81.3,82.4,82.1,81.93333333,0.0522,0.0551,0.0101,93.55555556,34.99,21.94,13.05,7.49,7.156666667,4.657661854,85,57.66666667,47.39884393,93,152.6666667,-39.08296943,457,453,0.883002208,2937.4,3097.4,-5.16562278,0,18.7,19.13333333,-2.264808362,1.3,20.3,78.4,12.7,4.4,188.6363636,5.2,4.033333333,28.92561983,24.5,50.1,-51.09780439,PK21-00652,28-2,1.660,0.21,3.79,0.69,0.32,0.15,63,59,6,12,18
,Tr1,29,PL,PL29,adequate,Ade,uninoculated,Unin,_,AdeUnin_,Tr1AdeUnin,Tr1AdeUninPL29,13.333,0.13333,0.373787272,0,0,0,0,0,0,0,132.3,0.352595226,46.5,81.9,81.7,81.6,81.73333333,0.0438,0.0466,0.009,92.55319149,34.31,22.18,12.13,6.76,7.156666667,-5.542617606,56,57.66666667,-2.89017341,140,152.6666667,-8.296943231,415,453,-8.388520971,2930.4,3097.4,-5.391618777,2,20.5,19.13333333,7.142857143,1.8,16.9,71.6,4.1,4.4,-6.818181818,3.8,4.033333333,-5.785123967,30.1,50.1,-39.92015968,PK21-00653,29-2,2.405,0.24,4.31,0.90,0.36,0.21,54,79,7,13,22
,Tr1,31,PL,PL31,adequate,Ade,inoculated,Inoc,Det,AdeInocDet,Tr1AdeInoc,Tr1AdeInocPL31,86.667,0.86667,1.197009055,1,0.166666667,0.420534335,16.66666667,0,0,0,125.8,0.51756805,41.9,82.7,83.3,83.4,83.13333333,0.0535,0.0548,0.0113,97.01149425,39.3,20.14,19.16,7.5,7.156666667,4.797391709,62,57.66666667,7.514450867,94,152.6666667,-38.4279476,422,453,-6.843267108,2959.8,3097.4,-4.442435591,0,18.6,19.13333333,-2.787456446,1.3,19,79.8,4.6,4.4,4.545454545,4.2,4.033333333,4.132231405,36.1,50.1,-27.94411178,PK21-00654,31-2,1.413,0.18,3.10,0.57,0.30,0.13,54,44,5,10,20
,Tr1,32,PL,PL32,adequate,Ade,inoculated,Inoc,ND,AdeInocND,Tr1AdeInoc,Tr1AdeInocPL32,46.667,0.46667,0.75204343,0,0,0,0,0,0,0,115.8,2.174788879,43.3,82.6,83.2,84.4,83.4,0.0471,0.0495,0.01,93.92405063,34.2,22.18,12.02,7.24,7.156666667,1.164415463,63,57.66666667,9.248554913,109,152.6666667,-28.60262009,393,453,-13.24503311,2807.5,3097.4,-9.359462775,0,17.6,19.13333333,-8.013937282,1.6,18.6,79.8,5.1,4.4,15.90909091,5.1,4.033333333,26.44628099,26.9,50.1,-46.30738523,PK21-00655,32-2,2.620,0.30,3.31,0.69,0.40,0.19,27,75,6,9,22
,Tr1,33,PL,PL33,adequate,Ade,inoculated,Inoc,ND,AdeInocND,Tr1AdeInoc,Tr1AdeInocPL33,26.667,0.26667,0.542642871,0,0,0,0,0,0,0,119.6,2.174788879,50.1,82.7,83.4,83.2,83.1,0.0471,0.0494,0.0088,94.33497537,29.74,22.25,7.49,7.42,7.156666667,3.679552864,71,57.66666667,23.12138728,94,152.6666667,-38.4279476,428,453,-5.518763797,3014.7,3097.4,-2.669981275,0,18.8,19.13333333,-1.742160279,1.3,19,79.8,5.3,4.4,20.45454545,5.3,4.033333333,31.40495868,36.3,50.1,-27.54491018,PK21-00656,33-2,2.375,0.36,4.21,0.72,0.38,0.20,24,71,6,10,23
,Tr1,34,PL,PL34,adequate,Ade,inoculated,Inoc,Det,AdeInocDet,Tr1AdeInoc,Tr1AdeInocPL34,86.667,0.86667,1.197009055,2,0.333333333,0.615479709,33.33333333,0,0,0,126.9,0.51756805,37.5,82.9,83.5,82.7,83.03333333,0.0526,0.0568,0.011,90.82969432,37.25,22.25,15,7.38,7.156666667,3.120633442,45,57.66666667,-21.96531792,71,152.6666667,-53.49344978,429,453,-5.298013245,2776.9,3097.4,-10.34738813,0,17.6,19.13333333,-8.013937282,1,20.3,78.7,3.2,4.4,-27.27272727,5.1,4.033333333,26.44628099,26.2,50.1,-47.70459082,PK21-00657,34-2,1.129,0.19,3.24,0.55,0.27,0.10,61,52,4,10,15
,Tr1,35,PL,PL35,adequate,Ade,inoculated,Inoc,Det,AdeInocDet,Tr1AdeInoc,Tr1AdeInocPL35,86.667,0.86667,1.197009055,5,0.833333333,1.150261992,83.33333333,0,0,0,119.2,0.51756805,42,82.9,82.8,84.2,83.3,0.0419,0.0434,0.0097,95.54896142,35.9,22.27,13.63,7.45,7.156666667,4.098742431,57,57.66666667,-1.156069364,87,152.6666667,-43.01310044,443,453,-2.207505519,2883,3097.4,-6.921934526,0,18.3,19.13333333,-4.355400697,1.2,20.1,78.6,4.1,4.4,-6.818181818,5.3,4.033333333,31.40495868,32.7,50.1,-34.73053892,PK21-00658,35-2,2.012,0.19,3.42,0.72,0.37,0.16,46,63,6,10,14
,Tr1,36,PL,PL36,adequate,Ade,inoculated,Inoc,Det,AdeInocDet,Tr1AdeInoc,Tr1AdeInocPL36,6.667,0.06667,0.261164092,3,0.5,0.785398163,50,0,0,0,113.3,0.51756805,40.1,82.4,83.9,83.8,83.36666667,0.0516,0.0551,0.0101,92.22222222,34.24,22.39,11.85,7.08,7.156666667,-1.071262226,76,57.66666667,31.79190751,87,152.6666667,-43.01310044,505,453,11.4790287,2808.7,3097.4,-9.320720604,0,18.5,19.13333333,-3.31010453,1.2,22.8,76,5.4,4.4,22.72727273,4.2,4.033333333,4.132231405,29.2,50.1,-41.71656687,PK21-00659,36-2,1.246,0.23,3.53,0.55,0.29,0.11,28,51,4,9,17
,Tr1,37,PL,PL37,adequate,Ade,inoculated,Inoc,ND,AdeInocND,Tr1AdeInoc,Tr1AdeInocPL37,60,0.6,0.886077124,0,0,0,0,0,0,0,114.4,2.174788879,45.8,81.1,82.1,83.4,82.2,0.0504,0.0535,0.0093,92.98642534,32.66,22.16,10.5,7.58,7.156666667,5.915230554,59,57.66666667,2.312138728,70,152.6666667,-54.14847162,399,453,-11.9205298,2928.4,3097.4,-5.456189062,0,18.1,19.13333333,-5.400696864,1,18.3,80.7,4.4,4.4,2.01859E-14,5,4.033333333,23.96694215,26.1,50.1,-47.90419162,PK21-00660,37-2,2.152,0.23,3.94,0.89,0.35,0.20,53,78,6,11,18
,Tr1,38,PL,PL38,adequate,Ade,inoculated,Inoc,Det,AdeInocDet,Tr1AdeInoc,Tr1AdeInocPL38,60,0.6,0.886077124,5,0.833333333,1.150261992,83.33333333,0,0,0,120.2,0.51756805,42.9,84.1,81.7,81.5,82.43333333,0.0518,0.0559,0.0098,91.10629067,29.73,22.36,7.37,7.37,7.156666667,2.980903586,45,57.66666667,-21.96531792,82,152.6666667,-46.28820961,402,453,-11.25827815,2876.8,3097.4,-7.122102408,0,17.9,19.13333333,-6.445993031,1.2,18.7,80.2,3.2,4.4,-27.27272727,5.1,4.033333333,26.44628099,39.9,50.1,-20.35928144,PK21-00661,38-2,1.866,0.20,3.79,0.71,0.31,0.15,67,57,6,10,15
,Tr1,39,PL,PL39,adequate,Ade,inoculated,Inoc,Det,AdeInocDet,Tr1AdeInoc,Tr1AdeInocPL39,60,0.6,0.886077124,2,0.333333333,0.615479709,33.33333333,1,0.166666667,16.66666667,131.6,0.51756805,49.1,82.3,82.8,82.4,82.5,0.0463,0.0488,0.0109,93.40369393,35.46,22.22,13.24,7.54,7.156666667,5.356311132,67,57.66666667,16.1849711,89,152.6666667,-41.70305677,362,453,-20.08830022,2700.8,3097.4,-12.80428747,0,16.7,19.13333333,-12.71777003,1.4,18,80.6,5,4.4,13.63636364,4.7,4.033333333,16.52892562,19.9,50.1,-60.27944112,PK21-00662,39-2,2.692,0.31,3.92,0.71,0.41,0.21,37,73,7,10,25
,Tr1,41,PL,PL41,excess,Exc,uninoculated,Unin,_,ExcUnin_,Tr1ExcUnin,Tr1ExcUninPL41,0,0,0,0,0,0,0,0,0,0,119,0.450824844,48.5,82.2,84.8,83.8,83.6,0.0474,0.0525,0.0089,88.30275229,33.82,23.07,10.75,7.35,7.156666667,2.701443875,50,57.66666667,-13.29479769,62,152.6666667,-59.38864629,455,453,0.441501104,3114.7,3097.4,0.558532963,0,19,19.13333333,-0.696864111,0.8,20,79.2,3.9,4.4,-11.36363636,4.1,4.033333333,1.652892562,110.4,50.1,120.3592814,PK21-00663,41-2,2.484,0.32,4.49,0.70,0.33,0.23,60,65,7,11,27
,Tr1,42,PL,PL42,excess,Exc,uninoculated,Unin,_,ExcUnin_,Tr1ExcUnin,Tr1ExcUninPL42,33.33,0.3333,0.615444353,0,0,0,0,0,0,0,119.2,0.450824844,43.6,82.7,83.3,81.8,82.6,0.05,0.0556,0.0093,87.9049676,31.67,22.19,9.48,7.33,7.156666667,2.421984164,60,57.66666667,4.046242775,65,152.6666667,-57.42358079,485,453,7.06401766,3247.6,3097.4,4.849228385,0,19.2,19.13333333,0.348432056,0.9,21,78.1,4.3,4.4,-2.272727273,4.5,4.033333333,11.57024793,115.6,50.1,130.738523,PK21-00664,42-2,2.066,0.36,4.31,0.71,0.44,0.20,44,67,7,11,22
,Tr1,43,PL,PL43,excess,Exc,uninoculated,Unin,_,ExcUnin_,Tr1ExcUnin,Tr1ExcUninPL43,0,0,0,0,0,0,0,0,0,0,118.9,0.450824844,42.6,82.5,82.1,83.5,82.7,0.0448,0.0489,0.0094,89.62025316,33.07,22.1,10.97,7.49,7.156666667,4.657661854,69,57.66666667,19.65317919,44,152.6666667,-71.1790393,487,453,7.505518764,3486.1,3097.4,12.54923484,0,19.2,19.13333333,0.348432056,0.6,21.2,78.2,6.1,4.4,38.63636364,4.8,4.033333333,19.00826446,91.6,50.1,82.83433134,PK21-00665,43-2,1.582,0.23,3.48,0.62,0.33,0.13,39,44,4,11,13
,Tr1,44,PL,PL44,excess,Exc,uninoculated,Unin,_,ExcUnin_,Tr1ExcUnin,Tr1ExcUninPL44,40,0.4,0.684719203,0,0,0,0,0,0,0,141.2,0.450824844,40.7,82.5,83.8,82.8,83.03333333,0.0496,0.055,0.0097,88.0794702,40.35,27.23,13.12,7.58,7.156666667,5.915230554,61,57.66666667,5.780346821,27,152.6666667,-82.31441048,429,453,-5.298013245,3020.4,3097.4,-2.485955963,0,18.6,19.13333333,-2.787456446,0.4,19.2,80.5,4.6,4.4,4.545454545,4,4.033333333,-0.826446281,50.1,50.1,0,PK21-00666,44-2,1.316,0.21,2.93,0.57,0.37,0.12,56,41,5,15,14
,Tr1,45,PL,PL45,excess,Exc,uninoculated,Unin,_,ExcUnin_,Tr1ExcUnin,Tr1ExcUninPL45,0,0,0,0,0,0,0,0,0,0,122.2,0.450824844,41.9,83.4,84.1,84.3,83.93333333,0.0454,0.0477,0.0085,94.13265306,35.24,22.23,13.01,7.42,7.156666667,3.679552864,39,57.66666667,-32.3699422,41,152.6666667,-73.1441048,432,453,-4.635761589,2987.8,3097.4,-3.538451605,0,18.6,19.13333333,-2.787456446,0.6,19.3,80.1,2.6,4.4,-40.90909091,4.7,4.033333333,16.52892562,100.4,50.1,100.3992016,PK21-00667,45-2,1.875,0.19,3.58,0.72,0.42,0.16,66,56,6,16,12
,Tr1,46,PL,PL46,excess,Exc,uninoculated,Unin,Det,ExcUnin_,Tr1ExcUnin,Tr1ExcUninPL46,0,0,0,1,0.166666667,0.420534335,16.66666667,0,0,0,136.1,0.450824844,33.9,83.2,82.3,85.2,83.56666667,0.0533,0.057,0.0122,91.74107143,44.78,22.24,22.54,7.19,7.156666667,0.465766185,53,57.66666667,-8.092485549,30,152.6666667,-80.34934498,501,453,10.59602649,2938.2,3097.4,-5.139794666,0,18.9,19.13333333,-1.219512195,0.4,22,77.6,4,4.4,-9.090909091,4.4,4.033333333,9.090909091,83.9,50.1,67.46506986,PK21-00668,46-2,0.896,0.18,2.30,0.50,0.31,0.09,57,41,3,12,10
,Tr1,47,PL,PL47,excess,Exc,uninoculated,Unin,_,ExcUnin_,Tr1ExcUnin,Tr1ExcUninPL47,0,0,0,0,0,0,0,0,0,0,112.9,0.450824844,41.2,80.4,82.7,81.9,81.66666667,0.0468,0.0484,0.0083,96.00997506,32.1,22.22,9.88,7.41,7.156666667,3.539823009,61,57.66666667,5.780346821,59,152.6666667,-61.35371179,498,453,9.933774834,3205.1,3097.4,3.477109834,0,19.3,19.13333333,0.871080139,0.8,21.5,77.7,4.5,4.4,2.272727273,4.4,4.033333333,9.090909091,119.9,50.1,139.3213573,PK21-00669,47-2,1.485,0.25,4.49,0.71,0.34,0.15,74,49,5,13,15
,Tr1,48,PL,PL48,excess,Exc,uninoculated,Unin,Det,ExcUnin_,Tr1ExcUnin,Tr1ExcUninPL48,20,0.2,0.463647609,1,0.166666667,0.420534335,16.66666667,0,0,0,140.7,0.450824844,41.2,81.9,83.8,83.3,83,0.0485,0.0538,0.0098,87.95454545,40.07,22.37,17.7,7.41,7.156666667,3.539823009,60,57.66666667,4.046242775,70,152.6666667,-54.14847162,504,453,11.25827815,3001.3,3097.4,-3.102602182,0,19.4,19.13333333,1.393728223,0.9,21.7,77.4,4.2,4.4,-4.545454545,4.4,4.033333333,9.090909091,81.9,50.1,63.47305389,PK21-00670,48-2,1.496,0.20,3.30,0.52,0.31,0.13,48,47,4,11,14
,Tr1,49,PL,PL49,excess,Exc,uninoculated,Unin,_,ExcUnin_,Tr1ExcUnin,Tr1ExcUninPL49,13.33,0.1333,0.373743143,0,0,0,0,0,0,0,129.2,0.450824844,36.5,81.7,82.8,81.6,82.03333333,0.0505,0.0513,0.009,98.10874704,37.25,20.53,16.72,7.08,7.156666667,-1.071262226,49,57.66666667,-15.02890173,38,152.6666667,-75.10917031,580,453,28.03532009,3002.9,3097.4,-3.050945955,0,19.9,19.13333333,4.006968641,0.5,24.3,75.3,3.5,4.4,-20.45454545,4.5,4.033333333,11.57024793,67.3,50.1,34.33133733,PK21-00671,49-2,1.189,0.23,3.84,0.53,0.30,0.12,68,89,4,12,12
,Tr1,51,PL,PL51,excess,Exc,inoculated,Inoc,ND,ExcInocND,Tr1ExcInoc,Tr1ExcInocPL51,86.667,0.86667,1.197009055,0,0,0,0,0,0,0,105.4,0.854186992,42.1,83.3,83.9,83.9,83.7,0.0509,0.0533,0.0093,94.54545455,31.19,22.37,8.82,7.38,7.156666667,3.120633442,56,57.66666667,-2.89017341,64,152.6666667,-58.07860262,378,453,-16.55629139,2926.4,3097.4,-5.520759347,0,17.9,19.13333333,-6.445993031,0.9,17.6,81.5,4.2,4.4,-4.545454545,4,4.033333333,-0.826446281,69.1,50.1,37.9241517,PK21-00672,51-2,2.370,0.33,3.86,0.61,0.37,0.18,38,63,6,8,16
,Tr1,52,PL,PL52,excess,Exc,inoculated,Inoc,ND,ExcInocND,Tr1ExcInoc,Tr1ExcInocPL52,66.667,0.66667,0.955320154,0,0,0,0,0,0,0,122.6,0.854186992,39.8,80.6,80.7,83.3,81.53333333,0.0495,0.0536,0.0095,90.70294785,32.7,22.1,10.6,7.31,7.156666667,2.142524453,61,57.66666667,5.780346821,70,152.6666667,-54.14847162,466,453,2.869757174,3035.3,3097.4,-2.004907342,0,19.1,19.13333333,-0.174216028,0.9,20.4,78.7,4.9,4.4,11.36363636,4.8,4.033333333,19.00826446,66.2,50.1,32.13572854,PK21-00673,52-2,1.594,0.25,3.69,0.46,0.31,0.13,28,54,4,10,18
,Tr1,53,PL,PL53,excess,Exc,inoculated,Inoc,Det,ExcInocDet,Tr1ExcInoc,Tr1ExcInocPL53,33.333,0.33333,0.615476173,2,0.333333333,0.615479709,33.33333333,0,0,0,122.5,0.77819424,40,82.8,82.2,84.4,83.13333333,0.0487,0.0533,0.0103,89.30232558,35.32,22.32,13,7.49,7.156666667,4.657661854,67,57.66666667,16.1849711,44,152.6666667,-71.1790393,400,453,-11.69977925,2961.8,3097.4,-4.377865306,0,18.3,19.13333333,-4.355400697,0.6,18.3,81.1,4.6,4.4,4.545454545,4.2,4.033333333,4.132231405,62.2,50.1,24.15169661,PK21-00674,53-2,1.823,0.23,3.26,0.61,0.35,0.14,35,48,5,11,12
,Tr1,54,PL,PL54,excess,Exc,inoculated,Inoc,ND,ExcInocND,Tr1ExcInoc,Tr1ExcInocPL54,73.333,0.73333,1.028153456,0,0,0,0,0,0,0,118.6,0.854186992,41.5,83.5,82.8,83.1,83.13333333,0.0539,0.0586,0.0104,90.24896266,33.4,22.14,11.26,7.45,7.156666667,4.098742431,70,57.66666667,21.38728324,55,152.6666667,-63.97379913,446,453,-1.545253863,3288.9,3097.4,6.182604765,0,18.9,19.13333333,-1.219512195,0.7,19.7,79.5,5.4,4.4,22.72727273,5.2,4.033333333,28.92561983,92.3,50.1,84.23153693,PK21-00675,54-2,1.962,0.31,3.87,0.58,0.38,0.16,37,60,6,10,19
,Tr1,55,PL,PL55,excess,Exc,inoculated,Inoc,ND,ExcInocND,Tr1ExcInoc,Tr1ExcInocPL55,60,0.6,0.886077124,0,0,0,0,0,0,0,122.1,0.854186992,42.1,82.1,82.7,82.7,82.5,0.0471,0.0505,0.0092,91.76755448,35.08,22.13,12.95,7.41,7.156666667,3.539823009,63,57.66666667,9.248554913,57,152.6666667,-62.66375546,491,453,8.388520971,3327.1,3097.4,7.415897204,0,19.2,19.13333333,0.348432056,0.8,21.3,78,4.6,4.4,4.545454545,4.3,4.033333333,6.611570248,109.5,50.1,118.5628743,PK21-00676,55-2,2.234,0.29,3.72,0.65,0.38,0.17,46,61,5,10,15
,Tr1,56,PL,PL56,excess,Exc,inoculated,Inoc,ND,ExcInocND,Tr1ExcInoc,Tr1ExcInocPL56,80,0.8,1.107148718,0,0,0,0,0,0,0,119,0.854186992,35.1,83.1,83.9,84.6,83.86666667,0.0591,0.0613,0.0112,95.60878244,37.51,22.31,15.2,7.41,7.156666667,3.539823009,60,57.66666667,4.046242775,30,152.6666667,-80.34934498,473,453,4.415011038,3092.2,3097.4,-0.16788274,0,19,19.13333333,-0.696864111,0.4,20.7,78.9,4.4,4.4,2.01859E-14,3.7,4.033333333,-8.26446281,72.4,50.1,44.51097804,PK21-00677,56-2,0.927,0.22,2.86,0.58,0.31,0.10,52,29,3,9,9
,Tr1,57,PL,PL57,excess,Exc,inoculated,Inoc,ND,ExcInocND,Tr1ExcInoc,Tr1ExcInocPL57,66.67,0.6667,0.955351974,0,0,0,0,0,0,0,114.8,0.854186992,33.8,81.9,81.7,82.5,82.03333333,0.0483,0.0527,0.0099,89.71962617,35.53,22.18,13.35,7.32,7.156666667,2.282254308,73,57.66666667,26.58959538,52,152.6666667,-65.93886463,469,453,3.53200883,2999.3,3097.4,-3.167172467,0,19,19.13333333,-0.696864111,0.7,20.5,78.8,5.1,4.4,15.90909091,4.4,4.033333333,9.090909091,53.5,50.1,6.786427146,PK21-00678,57-2,1.103,0.24,3.59,0.57,0.28,0.12,51,35,3,8,11
,Tr1,58,PL,PL58,excess,Exc,inoculated,Inoc,Det,ExcInocDet,Tr1ExcInoc,Tr1ExcInocPL58,46.667,0.46667,0.75204343,4,0.666666667,0.955316618,66.66666667,0,0,0,124.2,0.77819424,37.9,82.2,82.8,83.3,82.76666667,0.0526,0.0568,0.01,91.02564103,37.92,22.47,15.45,7.41,7.156666667,3.539823009,41,57.66666667,-28.9017341,25,152.6666667,-83.62445415,501,453,10.59602649,3286.1,3097.4,6.092206367,0,19.2,19.13333333,0.348432056,0.3,21.7,78,3.7,4.4,-15.90909091,3.1,4.033333333,-23.14049587,54.3,50.1,8.383233533,PK21-00679,58-2,0.985,0.17,2.97,0.46,0.26,0.09,50,35,3,9,9
,Tr1,59,PL,PL59,excess,Exc,inoculated,Inoc,ND,ExcInocND,Tr1ExcInoc,Tr1ExcInocPL59,26.667,0.26667,0.542642871,0,0,0,0,0,0,0,118,0.854186992,41.9,81.1,82.4,82.5,82,0.0452,0.0478,0.0087,93.35038363,32.3,20.52,11.78,7.45,7.156666667,4.098742431,50,57.66666667,-13.29479769,54,152.6666667,-64.62882096,319,453,-29.58057395,2764.9,3097.4,-10.73480984,0,16.6,19.13333333,-13.24041812,0.8,16,83.2,3.6,4.4,-18.18181818,4.1,4.033333333,1.652892562,30.6,50.1,-38.92215569,PK21-00680,59-2,1.672,0.27,3.40,0.47,0.32,0.15,34,55,5,7,16
,Tr2,1,PL,PL1,deficit,Def,uninoculated,Unin,_,DefUnin_,Tr2DefUnin,Tr2DefUninPL1,0,0,0,0,0,0,0,0,0,0,95.5,0.353488527,40.6,81.7,82.8,83.5,82.66666667,0.0434,0.058,0.0095,69.89690722,30.14,22.18,7.96,6.85,7.166666667,-4.418604651,91,86.33333333,5.405405405,137,144.6666667,-5.299539171,455,346,31.50289017,3134.8,3329,-5.833583659,0,19.1,18.23333333,4.753199269,1.8,19.8,78.4,5.1,5.766666667,-11.56069364,6.2,5.066666667,22.36842105,41.4,35.33333333,17.16981132,P22-00091,1,2.62,0.14,4.75,0.78,0.39,0.18,79,67,6,11,44
,Tr2,2,PL,PL2,deficit,Def,uninoculated,Unin,_,DefUnin_,Tr2DefUnin,Tr2DefUninPL2,0,0,0,0,0,0,0,0,0,0,101,0.353488527,34.3,83.2,80,84.1,82.43333333,0.0343,0.0449,0.0076,71.58176944,31.63,22.12,9.51,6.71,7.166666667,-6.372093023,81,86.33333333,-6.177606178,136,144.6666667,-5.99078341,487,346,40.75144509,3102.4,3329,-6.806848904,2,21.4,18.23333333,17.36745887,1.6,19,70.1,4.7,5.766666667,-18.49710983,5.2,5.066666667,2.631578947,45,35.33333333,27.35849057,P22-00092,2,2.473,0.16,4.91,0.74,0.33,0.2,83,65,7,13,42
,Tr2,3,PL,PL3,deficit,Def,uninoculated,Unin,_,DefUnin_,Tr2DefUnin,Tr2DefUninPL3,0,0,0,0,0,0,0,0,0,0,113,0.353488527,34.4,83.1,83.3,83.9,83.43333333,0.0034,0.0457,0.0068,-8.740359897,32.05,21.6,10.45,7.35,7.166666667,2.558139535,105,86.33333333,21.62162162,111,144.6666667,-23.2718894,308,346,-10.98265896,3096.8,3329,-6.975067588,0,17.9,18.23333333,-1.828153565,1.6,14.4,84,6,5.766666667,4.046242775,6.4,5.066666667,26.31578947,35.2,35.33333333,-0.377358491,P22-00093,3,3.004,0.15,4.66,0.96,0.42,0.2,57,64,8,10,38
,Tr2,4,PL,PL4,deficit,Def,uninoculated,Unin,_,DefUnin_,Tr2DefUnin,Tr2DefUninPL4,0,0,0,0,0,0,0,0,0,0,105,0.353488527,46.8,81.4,80.1,80.4,80.63333333,0.0414,0.0576,0.0089,66.73511294,30.91,22.2,8.71,6.73,7.166666667,-6.093023256,75,86.33333333,-13.12741313,102,144.6666667,-29.49308756,490,346,41.61849711,3124.3,3329,-6.148993692,2,21.3,18.23333333,16.8190128,1.2,19.1,70.3,3.9,5.766666667,-32.3699422,4.7,5.066666667,-7.236842105,28.7,35.33333333,-18.77358491,P22-00094,4,2.89,0.16,5.16,0.78,0.37,0.21,89,70,7,10,48
,Tr2,5,PL,PL5,deficit,Def,uninoculated,Unin,_,DefUnin_,Tr2DefUnin,Tr2DefUninPL5,0,0,0,0,0,0,0,0,0,0,101,0.353488527,41,78.1,80,78.9,79,0.0458,0.0603,0.0089,71.78988327,31.34,21.99,9.35,7.02,7.166666667,-2.046511628,78,86.33333333,-9.652509653,127,144.6666667,-12.21198157,489,346,41.32947977,3231.9,3329,-2.916791829,0,19.4,18.23333333,6.398537477,1.7,21,77.3,4.1,5.766666667,-28.9017341,4.8,5.066666667,-5.263157895,33.8,35.33333333,-4.339622642,P22-00095,5,2.133,0.16,4.99,0.79,0.36,0.18,81,57,6,10,34
,Tr2,6,PL,PL6,deficit,Def,uninoculated,Unin,_,DefUnin_,Tr2DefUnin,Tr2DefUninPL6,0,0,0,0,0,0,0,0,0,0,103,0.353488527,42.5,79.4,78.4,79.7,79.16666667,0.0322,0.046,0.0078,63.87434555,32.96,22.2,10.76,7.16,7.166666667,-0.093023256,81,86.33333333,-6.177606178,110,144.6666667,-23.96313364,414,346,19.65317919,3792.3,3329,13.91709222,0,18.7,18.23333333,2.559414991,1.5,18.4,80.1,4.4,5.766666667,-23.69942197,4.6,5.066666667,-9.210526316,41.3,35.33333333,16.88679245,P22-00096,6,2.421,0.15,4.37,0.81,0.44,0.18,67,67,6,12,40
,Tr2,7,PL,PL7,deficit,Def,uninoculated,Unin,_,DefUnin_,Tr2DefUnin,Tr2DefUninPL7,0,0,0,0,0,0,0,0,0,0,112,0.353488527,30.4,76.4,85.6,82.7,81.56666667,0.0355,0.0487,0.0066,68.64608076,32.92,22.05,10.87,6.79,7.166666667,-5.255813953,68,86.33333333,-21.23552124,89,144.6666667,-38.47926267,555,346,60.40462428,3397.5,3329,2.057674977,2,21.9,18.23333333,20.10968921,1,21.2,68.6,3.8,5.766666667,-34.10404624,4.2,5.066666667,-17.10526316,35.2,35.33333333,-0.377358491,P22-00097,7,1.793,0.16,4.24,0.74,0.36,0.2,112,74,5,12,30
,Tr2,8,PL,PL8,deficit,Def,uninoculated,Unin,_,DefUnin_,Tr2DefUnin,Tr2DefUninPL8,0,0,0,0,0,0,0,0,0,0,105,0.353488527,29.9,79.3,81.8,80.6,80.56666667,0.0331,0.0478,0.007,63.97058824,32.16,22.21,9.95,7.19,7.166666667,0.325581395,75,86.33333333,-13.12741313,104,144.6666667,-28.11059908,478,346,38.15028902,4001.6,3329,20.20426555,0,19.3,18.23333333,5.850091408,1.4,20.7,77.9,6,5.766666667,4.046242775,4.6,5.066666667,-9.210526316,46.5,35.33333333,31.60377358,P22-00098,8,2.54,0.15,4.49,0.94,0.44,0.19,92,73,7,14,46
,Tr2,11,PL,PL11,deficit,Def,inoculated,Inoc,ND,DefInocND,Tr2DefInoc,Tr2DefInocPL11,0,0,0,0,0,0,0,0,0,0,100,1.190014755,17.8,85.8,86.8,84.3,85.63333333,0.0422,0.0573,0.0097,68.27731092,31.19,22.37,8.82,7.17,7.166666667,0.046511628,97,86.33333333,12.35521236,115,144.6666667,-20.50691244,424,346,22.5433526,3981.4,3329,19.59747672,0,18.8,18.23333333,3.10786106,1.6,18.8,79.7,5.5,5.766666667,-4.624277457,5.2,5.066666667,2.631578947,48.2,35.33333333,36.41509434,P22-00099,11,2.41,0.13,3.8,0.86,0.36,0.17,64,67,6,12,36
,Tr2,12,PL,PL12,deficit,Def,inoculated,Inoc,Det,DefInocDet,Tr2DefInoc,Tr2DefInocPL12,21.4286,0.214286,0.481275722,2,0.333333333,0.615479709,33.33333333,0,0,0,107,0.446400922,26,83.3,84.3,82.6,83.4,0.0471,0.0621,0.0098,71.31931166,33.24,22.28,10.96,7.28,7.166666667,1.581395349,89,86.33333333,3.088803089,84,144.6666667,-41.93548387,425,346,22.83236994,3936.1,3329,18.23670772,0,18.8,18.23333333,3.10786106,1.1,18.9,80,4.6,5.766666667,-20.23121387,5.4,5.066666667,6.578947368,37.6,35.33333333,6.41509434,P22-00100,12,2.313,0.13,3.68,0.85,0.45,0.17,55,61,6,11,30
,Tr2,13,PL,PL13,deficit,Def,inoculated,Inoc,Det,DefInocDet,Tr2DefInoc,Tr2DefInocPL13,0,0,0,2,0.333333333,0.615479709,33.33333333,0,0,0,121,0.446400922,46.2,81.1,80.8,83.1,81.66666667,0.0406,0.053,0.0081,72.3830735,33.32,22.37,10.95,7.42,7.166666667,3.534883721,94,86.33333333,8.88030888,82,144.6666667,-43.31797235,366,346,5.780346821,3568.5,3329,7.194352658,0,18.3,18.23333333,0.365630713,1.2,16.7,82.1,5.2,5.766666667,-9.826589595,5.4,5.066666667,6.578947368,31.8,35.33333333,-10,P22-00101,13,2.555,0.12,3.9,0.9,0.5,0.17,80,63,7,11,34
,Tr2,14,PL,PL14,deficit,Def,inoculated,Inoc,Det,DefInocDet,Tr2DefInoc,Tr2DefInocPL14,0,0,0,6,1,1.570796327,100,0,0,0,113,0.446400922,46.1,79.1,79.3,79.1,79.16666667,0.0476,0.0647,0.0092,69.18918919,33.08,22.22,10.86,7.27,7.166666667,1.441860465,94,86.33333333,8.88030888,118,144.6666667,-18.43317972,462,346,33.52601156,3442.9,3329,3.421447882,0,19.2,18.23333333,5.301645338,1.6,20.1,78.3,4.9,5.766666667,-15.02890173,5.4,5.066666667,6.578947368,36.9,35.33333333,4.433962264,P22-00102,14,1.93,0.14,4.02,0.7,0.37,0.16,76,65,7,9,31
,Tr2,15,PL,PL15,deficit,Def,inoculated,Inoc,ND,DefInocND,Tr2DefInoc,Tr2DefInocPL15,0,0,0,0,0,0,0,0,0,0,105,1.190014755,35.6,82.4,81.7,82.8,82.3,0.0395,0.054,0.0089,67.84922395,32.72,22.26,10.46,7.26,7.166666667,1.302325581,94,86.33333333,8.88030888,90,144.6666667,-37.78801843,402,346,16.1849711,3865.9,3329,16.12796636,0,18.6,18.23333333,2.010968921,1.2,18,80.7,5.2,5.766666667,-9.826589595,5,5.066666667,-1.315789474,40.5,35.33333333,14.62264151,P22-00103,15,2.408,0.12,3.76,0.89,0.44,0.16,73,64,6,10,34
,Tr2,16,PL,PL16,deficit,Def,inoculated,Inoc,Det,DefInocDet,Tr2DefInoc,Tr2DefInocPL16,20,0.2,0.463647609,1,0.166666667,0.420534335,16.66666667,0,0,0,105,0.446400922,26.9,77.2,80.4,78.4,78.66666667,0.0403,0.0606,0.0083,61.18546845,31.7,22.34,9.36,7.15,7.166666667,-0.23255814,70,86.33333333,-18.91891892,88,144.6666667,-39.17050691,494,346,42.77456647,3510,3329,5.437068189,0,19.3,18.23333333,5.850091408,1.2,21.3,77.6,3.7,5.766666667,-35.83815029,3.7,5.066666667,-26.97368421,25.3,35.33333333,-28.39622642,P22-00104,16,2.271,0.12,4,0.78,0.44,0.15,115,59,6,11,34
,Tr2,17,PL,PL17,deficit,Def,inoculated,Inoc,Det,DefInocDet,Tr2DefInoc,Tr2DefInocPL17,0,0,0,2,0.333333333,0.615479709,33.33333333,0,0,0,104.5,0.446400922,42,77.6,82.9,79.3,79.93333333,0.0397,0.0557,0.0091,65.66523605,31.21,22.23,8.98,7.31,7.166666667,2,73,86.33333333,-15.44401544,87,144.6666667,-39.86175115,429,346,23.98843931,3866.4,3329,16.14298588,0,18.8,18.23333333,3.10786106,1.2,19,79.8,4,5.766666667,-30.63583815,4.4,5.066666667,-13.15789474,48.3,35.33333333,36.69811321,P22-00105,17,2.303,0.13,3.81,0.86,0.45,0.17,80,69,6,10,26
,Tr2,18,PL,PL18,deficit,Def,inoculated,Inoc,ND,DefInocND,Tr2DefInoc,Tr2DefInocPL18,0,0,0,0,0,0,0,0,0,0,113,1.190014755,48.4,77.2,78.8,77.4,77.8,0.0408,0.0553,0.0084,69.08315565,33.38,22.37,11.01,7.15,7.166666667,-0.23255814,83,86.33333333,-3.861003861,97,144.6666667,-32.94930876,443,346,28.03468208,3232,3329,-2.913787924,0,18.9,18.23333333,3.65630713,1.3,19.5,79.2,4.2,5.766666667,-27.16763006,4.9,5.066666667,-3.289473684,29.5,35.33333333,-16.50943396,P22-00106,18,2.24,0.14,4.02,0.75,0.39,0.16,120,64,6,11,31
,Tr2,21,PL,PL21,adequate,Ade,uninoculated,Unin,_,AdeUnin_,Tr2AdeUnin,Tr2AdeUninPL21,0,0,0,0,0,0,0,0,0,0,124,0.352595226,41.2,81.7,81.9,87.2,83.6,0.0427,0.0495,0.0074,83.847981,41.13,22.52,18.61,7.41,7.166666667,3.395348837,94,86.33333333,8.88030888,87,144.6666667,-39.86175115,471,346,36.12716763,3598.4,3329,8.092520276,0,19.1,18.23333333,4.753199269,1.2,20.5,78.3,20.2,5.766666667,250.2890173,5.5,5.066666667,8.552631579,49.5,35.33333333,40.09433962,P22-00107,21,1.506,0.17,3.61,0.7,0.41,0.14,54,54,5,11,24
,Tr2,22,PL,PL22,adequate,Ade,uninoculated,Unin,_,AdeUnin_,Tr2AdeUnin,Tr2AdeUninPL22,0,0,0,0,0,0,0,0,0,0,125,0.352595226,43.6,80.8,81.3,80.3,80.8,0.045,0.0522,0.0077,83.82022472,43.78,22.38,21.4,7.53,7.166666667,5.069767442,90,86.33333333,4.247104247,60,144.6666667,-58.52534562,408,346,17.91907514,3505.8,3329,5.310904175,0,18.6,18.23333333,2.010968921,0.8,18.3,80.8,4.8,5.766666667,-16.76300578,5.7,5.066666667,12.5,30.6,35.33333333,-13.39622642,P22-00108,22,1.587,0.14,2.78,0.93,0.48,0.14,39,55,5,10,17
,Tr2,23,PL,PL23,adequate,Ade,uninoculated,Unin,_,AdeUnin_,Tr2AdeUnin,Tr2AdeUninPL23,0,0,0,0,0,0,0,0,0,0,154,0.352595226,49,81.5,81.9,82.3,81.9,0.0401,0.0435,0.0066,90.78590786,41.11,20.78,20.33,7.58,7.166666667,5.76744186,74,86.33333333,-14.28571429,46,144.6666667,-68.20276498,368,346,6.358381503,3189.2,3329,-4.199459297,0,18.2,18.23333333,-0.182815356,0.6,16.9,82.5,3.8,5.766666667,-34.10404624,4.6,5.066666667,-9.210526316,25.9,35.33333333,-26.69811321,P22-00109,23,2.048,0.18,3.62,0.94,0.51,0.17,45,90,7,11,19
,Tr2,24,PL,PL24,adequate,Ade,uninoculated,Unin,_,AdeUnin_,Tr2AdeUnin,Tr2AdeUninPL24,0,0,0,0,0,0,0,0,0,0,116,0.352595226,46.6,77.8,79.1,79.8,78.9,0.0462,0.0524,0.0077,86.12975391,27.48,21.54,5.94,7.25,7.166666667,1.162790698,87,86.33333333,0.772200772,73,144.6666667,-49.53917051,423,346,22.25433526,3018.6,3329,-9.324121358,0,18.7,18.23333333,2.559414991,1,18.8,80.2,8.6,5.766666667,49.13294798,4.8,5.066666667,-5.263157895,21.9,35.33333333,-38.01886792,P22-00110,24,2.558,0.33,6.97,0.98,0.46,0.3,95,88,9,12,37
,Tr2,25,PL,PL25,adequate,Ade,uninoculated,Unin,_,AdeUnin_,Tr2AdeUnin,Tr2AdeUninPL25,0,0,0,0,0,0,0,0,0,0,131,0.352595226,30.4,77.4,79.4,80.4,79.06666667,0.0494,0.058,0.0087,82.55578093,45.61,22.46,23.15,6.98,7.166666667,-2.604651163,60,86.33333333,-30.5019305,35,144.6666667,-75.80645161,515,346,48.84393064,3256.3,3329,-2.183838991,0,19.4,18.23333333,6.398537477,0.5,22.1,77.4,3.4,5.766666667,-41.04046243,3.6,5.066666667,-28.94736842,21.4,35.33333333,-39.43396226,P22-00111,25,1.065,0.14,2.38,0.65,0.39,0.11,53,53,4,11,16
,Tr2,26,PL,PL26,adequate,Ade,uninoculated,Unin,_,AdeUnin_,Tr2AdeUnin,Tr2AdeUninPL26,0,0,0,0,0,0,0,0,0,0,116,0.352595226,36.2,74.8,76.2,77.4,76.13333333,0.0461,0.0516,0.0078,87.44292237,30.27,22.48,7.79,7.41,7.166666667,3.395348837,100,86.33333333,15.83011583,52,144.6666667,-64.05529954,395,346,14.16184971,3120.3,3329,-6.269149895,0,18.4,18.23333333,0.914076782,0.7,17.9,81.4,5.8,5.766666667,0.578034682,5.9,5.066666667,16.44736842,26,35.33333333,-26.41509434,P22-00112,26,2.076,0.36,5.64,0.88,0.38,0.22,78,344,9,9,27
,Tr2,27,PL,PL27,adequate,Ade,uninoculated,Unin,_,AdeUnin_,Tr2AdeUnin,Tr2AdeUninPL27,0,0,0,0,0,0,0,0,0,0,130.5,0.352595226,40.7,75.5,75.4,75.2,75.36666667,0.0388,0.0447,0.0064,84.59530026,38.99,22.45,16.54,7.54,7.166666667,5.209302326,76,86.33333333,-11.96911197,61,144.6666667,-57.83410138,489,346,41.32947977,3918.8,3329,17.71703214,0,19.2,18.23333333,5.301645338,0.8,21.2,78,12.9,5.766666667,123.699422,4.4,5.066666667,-13.15789474,32.9,35.33333333,-6.886792453,P22-00113,27,2.182,0.16,3.57,0.93,0.47,0.17,73,106,6,13,22
,Tr2,28,PL,PL28,adequate,Ade,uninoculated,Unin,_,AdeUnin_,Tr2AdeUnin,Tr2AdeUninPL28,0,0,0,0,0,0,0,0,0,0,141,0.352595226,30.7,76.4,83.9,77.2,79.16666667,0.0365,0.0428,0.0074,82.20338983,37.98,20.7,17.28,7.41,7.166666667,3.395348837,74,86.33333333,-14.28571429,44,144.6666667,-69.58525346,489,346,41.32947977,3387.4,3329,1.754280565,0,19.2,18.23333333,5.301645338,0.6,21.2,78.2,3.8,5.766666667,-34.10404624,4.1,5.066666667,-19.07894737,20.3,35.33333333,-42.54716981,P22-00114,28,1.562,0.21,3.64,0.7,0.37,0.15,66,57,6,13,19
,Tr2,31,PL,PL31,adequate,Ade,inoculated,Inoc,ND,AdeInocND,Tr2AdeInoc,Tr2AdeInocPL31,63.63664,0.6363664,0.923514351,0,0,0,0,0,0,0,136.5,2.174788879,47.8,80.3,81,80.4,80.56666667,0.0421,0.0469,0.0074,87.84810127,41.13,21.13,20,7.52,7.166666667,4.930232558,93,86.33333333,7.722007722,51,144.6666667,-64.74654378,358,346,3.468208092,3261.9,3329,-2.015620306,0,18.1,18.23333333,-0.731261426,0.7,16.5,82.8,5,5.766666667,-13.29479769,5.7,5.066666667,12.5,36.6,35.33333333,3.58490566,P22-00115,31,2.092,0.18,3.35,0.91,0.46,0.17,40,59,7,12,19
,Tr2,32,PL,PL32,adequate,Ade,inoculated,Inoc,Det,AdeInocDet,Tr2AdeInoc,Tr2AdeInocPL32,100,1,1.570796327,4,0.666666667,0.955316618,66.66666667,0,0,0,136.1,0.51756805,41.3,81,81.1,83.4,81.83333333,0.0463,0.0615,0.0091,70.99236641,41.72,21.7,20.02,7.41,7.166666667,3.395348837,79,86.33333333,-8.494208494,54,144.6666667,-62.67281106,455,346,31.50289017,3678.6,3329,10.50165215,0,18.9,18.23333333,3.65630713,0.7,20,79.2,4.1,5.766666667,-28.9017341,4.9,5.066666667,-3.289473684,31.8,35.33333333,-10,P22-00116,32,1.758,0.15,2.9,0.93,0.5,0.16,55,63,5,13,20
,Tr2,33,PL,PL33,adequate,Ade,inoculated,Inoc,Det,AdeInocDet,Tr2AdeInoc,Tr2AdeInocPL33,71.4286,0.714286,1.006854002,1,0.166666667,0.420534335,16.66666667,1,0.166666667,16.66666667,141.5,0.51756805,43.1,81.4,82.1,81.9,81.8,0.0436,0.0498,0.0078,85.23809524,43.34,22.04,21.3,7.55,7.166666667,5.348837209,84,86.33333333,-2.702702703,47,144.6666667,-67.51152074,446,346,28.9017341,3739.9,3329,12.34304596,0,18.8,18.23333333,3.10786106,0.6,19.7,79.6,4.7,5.766666667,-18.49710983,4.9,5.066666667,-3.289473684,33.2,35.33333333,-6.037735849,P22-00117,33,1.998,0.2,3.18,0.95,0.51,0.17,46,87,7,15,20
,Tr2,34,PL,PL34,adequate,Ade,inoculated,Inoc,Det,AdeInocDet,Tr2AdeInoc,Tr2AdeInocPL34,73.3333,0.733333,1.028156848,2,0.333333333,0.615479709,33.33333333,0,0,0,141,0.51756805,31.8,80.3,79.6,79.7,79.86666667,0.0495,0.0542,0.0088,89.64757709,43.24,22.44,20.8,7.12,7.166666667,-0.651162791,74,86.33333333,-14.28571429,52,144.6666667,-64.05529954,475,346,37.28323699,3001.5,3329,-9.837789126,0,19.1,18.23333333,4.753199269,0.7,20.7,78.6,4,5.766666667,-30.63583815,5.1,5.066666667,0.657894737,27.5,35.33333333,-22.16981132,P22-00118,34,1.335,0.15,3.06,0.68,0.4,0.13,61,68,5,13,20
,Tr2,35,PL,PL35,adequate,Ade,inoculated,Inoc,Det,AdeInocDet,Tr2AdeInoc,Tr2AdeInocPL35,60,0.6,0.886077124,4,0.666666667,0.955316618,66.66666667,0,0,0,134,0.51756805,25.4,75.9,75.9,77.4,76.4,0.0472,0.0502,0.0065,93.13501144,47.82,22.39,25.43,7.49,7.166666667,4.511627907,84,86.33333333,-2.702702703,54,144.6666667,-62.67281106,466,346,34.68208092,3186.2,3329,-4.289576449,0,19,18.23333333,4.204753199,0.7,20.4,78.9,4.3,5.766666667,-25.43352601,4.9,5.066666667,-3.289473684,24.4,35.33333333,-30.94339623,P22-00119,35,1.33,0.14,2.83,0.65,0.39,0.13,62,44,5,11,16
,Tr2,36,PL,PL36,adequate,Ade,inoculated,Inoc,Det,AdeInocDet,Tr2AdeInoc,Tr2AdeInocPL36,60,0.6,0.886077124,6,1,1.570796327,100,0,0,0,123,0.51756805,32.5,75.2,75.9,78.6,76.56666667,0.0463,0.05,0.0083,91.12709832,44.26,22.42,21.84,7.45,7.166666667,3.953488372,88,86.33333333,1.930501931,62,144.6666667,-57.14285714,422,346,21.96531792,3578.5,3329,7.494743166,0,18.7,18.23333333,2.559414991,0.9,18.8,80.3,4.8,5.766666667,-16.76300578,5.2,5.066666667,2.631578947,35,35.33333333,-0.943396226,P22-00120,36,1.561,0.16,2.66,0.78,0.47,0.15,59,76,5,13,23
,Tr2,37,PL,PL37,adequate,Ade,inoculated,Inoc,Det,AdeInocDet,Tr2AdeInoc,Tr2AdeInocPL37,66.667,0.66667,0.955320154,5,0.833333333,1.150261992,83.33333333,0,0,0,125.5,0.51756805,47.6,75.9,76.6,77.8,76.76666667,0.0529,0.0584,0.0076,89.17322835,37.53,22.33,15.2,7.27,7.166666667,1.441860465,79,86.33333333,-8.494208494,60,144.6666667,-58.52534562,523,346,51.15606936,3460.5,3329,3.950135176,0,19.5,18.23333333,6.946983547,0.8,22.3,76.9,4.3,5.766666667,-25.43352601,4.3,5.066666667,-15.13157895,34.6,35.33333333,-2.075471698,P22-00121,37,1.899,0.28,4.23,0.85,0.37,0.18,70,83,7,9,22
,Tr2,38,PL,PL38,adequate,Ade,inoculated,Inoc,Det,AdeInocDet,Tr2AdeInoc,Tr2AdeInocPL38,80,0.8,1.107148718,5,0.833333333,1.150261992,83.33333333,0,0,0,117.5,0.51756805,41.2,75.3,75.8,74.9,75.33333333,0.0458,0.0501,0.0077,89.85849057,29.56,22.29,7.27,7.21,7.166666667,0.604651163,81,86.33333333,-6.177606178,84,144.6666667,-41.93548387,670,346,93.6416185,4275.9,3329,28.44397717,0,20.8,18.23333333,14.07678245,1,26.8,72.1,4,5.766666667,-30.63583815,4.4,5.066666667,-13.15789474,53.7,35.33333333,51.98113208,P22-00122,38,2.052,0.36,5.57,0.96,0.37,0.2,57,76,8,9,23
,Tr2,41,PL,PL41,excess,Exc,uninoculated,Unin,_,ExcUnin_,Tr2ExcUnin,Tr2ExcUninPL41,0,0,0,0,0,0,0,0,0,0,135,0.450824844,43.1,85.5,82.3,86.3,84.7,0.0482,0.0582,0.0095,79.4661191,43.7,22.39,21.31,7,7.166666667,-2.325581395,73,86.33333333,-15.44401544,33,144.6666667,-77.18894009,571,346,65.02890173,3696.3,3329,11.03334335,0,19.8,18.23333333,8.592321755,0.4,24,75.6,4.1,5.766666667,-28.9017341,4.1,5.066666667,-19.07894737,45.3,35.33333333,28.20754717,P22-00123,41,1.364,0.24,3.1,0.75,0.46,0.13,67,64,4,13,16
,Tr2,42,PL,PL42,excess,Exc,uninoculated,Unin,_,ExcUnin_,Tr2ExcUnin,Tr2ExcUninPL42,0,0,0,0,0,0,0,0,0,0,146.5,0.450824844,45.8,80.8,81.7,81.9,81.46666667,0.0453,0.0534,0.0074,82.39130435,46.64,22.47,24.17,7.55,7.166666667,5.348837209,93,86.33333333,7.722007722,38,144.6666667,-73.73271889,374,346,8.092485549,3800,3329,14.14839291,0,18.2,18.23333333,-0.182815356,0.5,17.1,82.4,6,5.766666667,4.046242775,5.5,5.066666667,8.552631579,54,35.33333333,52.83018868,P22-00124,42,1.422,0.19,2.52,1.02,0.54,0.14,58,101,5,12,15
,Tr2,43,PL,PL43,excess,Exc,uninoculated,Unin,_,ExcUnin_,Tr2ExcUnin,Tr2ExcUninPL43,0,0,0,0,0,0,0,0,0,0,148,0.450824844,28.4,81.7,82.6,82.5,82.26666667,0.0386,0.0436,0.0078,86.03351955,47.88,22.53,25.35,7.52,7.166666667,4.930232558,92,86.33333333,6.563706564,32,144.6666667,-77.88018433,392,346,13.29479769,3671.1,3329,10.27635927,0,18.3,18.23333333,0.365630713,0.4,17.8,81.7,4.8,5.766666667,-16.76300578,5.5,5.066666667,8.552631579,42.7,35.33333333,20.8490566,P22-00125,43,1.232,0.19,2.62,0.97,0.51,0.12,55,96,5,12,14
,Tr2,44,PL,PL44,excess,Exc,uninoculated,Unin,_,ExcUnin_,Tr2ExcUnin,Tr2ExcUninPL44,0,0,0,0,0,0,0,0,0,0,152,0.450824844,41.7,78.4,83.9,74.3,78.86666667,0.0498,0.0562,0.0084,86.61087866,54.04,22.35,31.69,7.12,7.166666667,-0.651162791,80,86.33333333,-7.335907336,37,144.6666667,-74.42396313,430,346,24.27745665,2945.5,3329,-11.51997597,0,18.4,18.23333333,0.914076782,0.5,19.5,80,4.7,5.766666667,-18.49710983,4.9,5.066666667,-3.289473684,37.4,35.33333333,5.849056604,P22-00126,44,1.218,0.25,3.2,0.71,0.38,0.12,59,54,5,14,15
,Tr2,45,PL,PL45,excess,Exc,uninoculated,Unin,_,ExcUnin_,Tr2ExcUnin,Tr2ExcUninPL45,0,0,0,0,0,0,0,0,0,0,136,0.450824844,33.2,77.9,83.4,85.3,82.2,0.0459,0.051,0.0086,87.97169811,52.45,22.47,29.98,7.34,7.166666667,2.418604651,76,86.33333333,-11.96911197,38,144.6666667,-73.73271889,497,346,43.6416185,3683.6,3329,10.6518474,0,19.2,18.23333333,5.301645338,0.5,21.5,78,4.2,5.766666667,-27.16763006,4.3,5.066666667,-15.13157895,40.6,35.33333333,14.90566038,P22-00127,45,1.368,0.19,2.98,0.84,0.51,0.14,78,58,5,11,14
,Tr2,46,PL,PL46,excess,Exc,uninoculated,Unin,_,ExcUnin_,Tr2ExcUnin,Tr2ExcUninPL46,0,0,0,0,0,0,0,0,0,0,140,0.450824844,43.4,77.8,78,76.8,77.53333333,0.0529,0.0608,0.0086,84.86590038,50.08,22.46,27.62,7.51,7.166666667,4.790697674,87,86.33333333,0.772200772,34,144.6666667,-76.49769585,448,346,29.47976879,3255.7,3329,-2.201862421,0,18.8,18.23333333,3.10786106,0.5,19.8,79.7,4.7,5.766666667,-18.49710983,5.1,5.066666667,0.657894737,35.2,35.33333333,-0.377358491,P22-00128,46,1.155,0.24,3.17,0.81,0.43,0.12,79,174,5,13,15
,Tr2,47,PL,PL47,excess,Exc,uninoculated,Unin,_,ExcUnin_,Tr2ExcUnin,Tr2ExcUninPL47,0,0,0,0,0,0,0,0,0,0,134.8,0.450824844,42.1,77.1,77.2,76.9,77.06666667,0.0466,0.0537,0.0089,84.15178571,49.91,22.51,27.4,7.32,7.166666667,2.139534884,65,86.33333333,-24.71042471,27,144.6666667,-81.33640553,547,346,58.09248555,3714.2,3329,11.57104236,0,19.6,18.23333333,7.495429616,0.4,23.2,76.4,3.5,5.766666667,-39.30635838,3.5,5.066666667,-30.92105263,26.4,35.33333333,-25.28301887,P22-00129,47,2.353,0.22,3.97,0.91,0.46,0.19,83,133,7,14,25
,Tr2,48,PL,PL48,excess,Exc,uninoculated,Unin,_,ExcUnin_,Tr2ExcUnin,Tr2ExcUninPL48,0,0,0,0,0,0,0,0,0,0,136,0.450824844,50.2,77.4,77.8,84.1,79.76666667,0.0437,0.0505,0.0076,84.14918415,35.15,22.37,12.78,7.49,7.166666667,4.511627907,81,86.33333333,-6.177606178,52,144.6666667,-64.05529954,496,346,43.35260116,3987.9,3329,19.79273055,0,19.3,18.23333333,5.850091408,0.7,21.5,77.9,6.2,5.766666667,7.514450867,4.9,5.066666667,-3.289473684,50,35.33333333,41.50943396,P22-00130,48,1.073,0.2,2.81,0.75,0.45,0.11,90,47,4,10,13
,Tr2,51,PL,PL51,excess,Exc,inoculated,Inoc,Det,ExcInocDet,Tr2ExcInoc,Tr2ExcInocPL51,66.6667,0.666667,0.955316972,3,0.5,0.785398163,50,0,0,0,133,0.77819424,36,81.7,81.3,81.3,81.43333333,0.046,0.0514,0.0074,87.72727273,47.07,22.09,24.98,7.1,7.166666667,-0.930232558,71,86.33333333,-17.76061776,38,144.6666667,-73.73271889,523,346,51.15606936,3474,3329,4.355662361,0,19.5,18.23333333,6.946983547,0.5,22.4,77.1,3.9,5.766666667,-32.3699422,3.9,5.066666667,-23.02631579,41.8,35.33333333,18.30188679,P22-00131,51,1.2,0.16,2.63,0.53,0.37,0.13,44,51,4,14,17
,Tr2,52,PL,PL52,excess,Exc,inoculated,Inoc,Det,ExcInocDet,Tr2ExcInoc,Tr2ExcInocPL52,53.333,0.53333,0.818752897,3,0.5,0.785398163,50,0,0,0,150,0.77819424,37.9,82.1,85.2,85.2,84.16666667,0.0493,0.0548,0.0072,88.44537815,50.28,20.18,30.1,7.56,7.166666667,5.488372093,79,86.33333333,-8.494208494,33,144.6666667,-77.18894009,430,346,24.27745665,3692.6,3329,10.92219886,0,18.7,18.23333333,2.559414991,0.5,19.2,80.4,4.6,5.766666667,-20.23121387,4.6,5.066666667,-9.210526316,34.6,35.33333333,-2.075471698,P22-00132,52,0.988,0.18,2.61,0.72,0.42,0.13,73,57,5,15,14
,Tr2,53,PL,PL53,excess,Exc,inoculated,Inoc,Det,ExcInocDet,Tr2ExcInoc,Tr2ExcInocPL53,53.333,0.53333,0.818752897,3,0.5,0.785398163,50,0,0,0,139.5,0.77819424,44.6,81.7,80.8,80.8,81.1,0.0371,0.0444,0.0074,80.27027027,36.08,22.34,13.74,7.56,7.166666667,5.488372093,70,86.33333333,-18.91891892,30,144.6666667,-79.26267281,472,346,36.41618497,3876.2,3329,16.43736858,0,19,18.23333333,4.204753199,0.4,20.7,78.9,3.8,5.766666667,-34.10404624,3.9,5.066666667,-23.02631579,45.3,35.33333333,28.20754717,P22-00133,53,1.631,0.22,3.67,1,0.53,0.18,56,69,6,15,15
,Tr2,54,PL,PL54,excess,Exc,inoculated,Inoc,ND,ExcInocND,Tr2ExcInoc,Tr2ExcInocPL54,60,0.6,0.886077124,0,0,0,0,0,0,0,145,0.854186992,44.6,78.2,79.3,79.3,78.93333333,0.0505,0.059,0.0094,82.86290323,40.96,22.48,18.48,7.45,7.166666667,3.953488372,73,86.33333333,-15.44401544,32,144.6666667,-77.88018433,550,346,58.95953757,3795.2,3329,14.00420547,0,19.7,18.23333333,8.043875686,0.4,23.3,76.3,4,5.766666667,-30.63583815,3.8,5.066666667,-25,39.9,35.33333333,12.9245283,P22-00134,54,1.36,0.2,3.51,0.79,0.46,0.14,61,72,5,13,13
,Tr2,55,PL,PL55,excess,Exc,inoculated,Inoc,Det,ExcInocDet,Tr2ExcInoc,Tr2ExcInocPL55,66.6667,0.666667,0.955316972,3,0.5,0.785398163,50,0,0,0,135,0.77819424,26.6,80.4,80.6,81.5,80.83333333,0.0437,0.0495,0.0076,86.1575179,51.54,22.43,29.11,7.37,7.166666667,2.837209302,89,86.33333333,3.088803089,43,144.6666667,-70.2764977,466,346,34.68208092,3345.9,3329,0.507659958,0,19,18.23333333,4.204753199,0.6,20.4,79,4.8,5.766666667,-16.76300578,4.6,5.066666667,-9.210526316,39.8,35.33333333,12.64150943,P22-00135,55,1.166,0.19,3.16,0.73,0.41,0.12,61,124,5,13,14
,Tr2,56,PL,PL56,excess,Exc,inoculated,Inoc,Det,ExcInocDet,Tr2ExcInoc,Tr2ExcInocPL56,66.6667,0.666667,0.955316972,4,0.666666667,0.955316618,66.66666667,0,0,0,127.5,0.77819424,35.1,77.6,77.4,79.7,78.23333333,0.0537,0.0607,0.00112,88.25109097,56.1,22.43,33.67,6.93,7.166666667,-3.302325581,66,86.33333333,-23.55212355,30,144.6666667,-79.26267281,595,346,71.96531792,3621.6,3329,8.789426254,0,20,18.23333333,9.689213894,0.4,24.7,74.9,3.9,5.766666667,-32.3699422,3.7,5.066666667,-26.97368421,44.3,35.33333333,25.37735849,P22-00136,56,0.956,0.22,3.25,0.67,0.44,0.11,73,41,4,14,13
,Tr2,57,PL,PL57,excess,Exc,inoculated,Inoc,Det,ExcInocDet,Tr2ExcInoc,Tr2ExcInocPL57,60,0.6,0.886077124,4,0.666666667,0.955316618,66.66666667,0,0,0,147.5,0.77819424,41.4,79.1,76.4,76.5,77.33333333,0.0425,0.0477,0.0084,86.76844784,47.28,22.38,24.9,7.56,7.166666667,5.488372093,68,86.33333333,-21.23552124,34,144.6666667,-76.49769585,412,346,19.07514451,3674.9,3329,10.39050766,0,18.5,18.23333333,1.462522852,0.5,18.5,81,3.7,5.766666667,-35.83815029,4.1,5.066666667,-19.07894737,36,35.33333333,1.886792453,P22-00137,57,1.471,0.18,3.27,0.84,0.45,0.14,66,46,5,12,16
,Tr2,58,PL,PL58,excess,Exc,inoculated,Inoc,Det,ExcInocDet,Tr2ExcInoc,Tr2ExcInocPL58,33.333,0.33333,0.615476173,2,0.333333333,0.615479709,33.33333333,0,0,0,137,0.77819424,26.5,76.9,77.4,78.3,77.53333333,0.0506,0.0556,0.0093,89.20086393,45.03,22.4,22.63,7.31,7.166666667,2,72,86.33333333,-16.6023166,34,144.6666667,-76.49769585,526,346,52.02312139,3514.3,3329,5.566236107,0,19.5,18.23333333,6.946983547,0.4,22.5,77,3.8,5.766666667,-34.10404624,4.1,5.066666667,-19.07894737,38.6,35.33333333,9.245283019,P22-00138,58,0.928,0.2,3.06,0.54,0.33,0.1,52,37,4,11,12
,Tr3,1,PL,PL1,deficit,Def,uninoculated,Unin,_,DefUnin_,Tr3DefUnin,Tr3DefUninPL1,0,0,0,0,0,0,0,0,0,0,99,0.353488527,46.3,70,70.1,73.3,71.13333333,0.0394,0.0464,0.0092,81.1827957,26.77,22.03,4.74,7.04,7.003333333,0.523560209,109,107,1.869158879,280,282,-0.709219858,482,489,-1.431492843,3098.4,3665.5,-15.47128632,0,19.7,19.8,-0.505050505,3.6,20.4,76,5.6,4.7,19.14893617,4.6,4.266666667,7.8125,68.8,96.46666667,-28.68002764,P22-00139,1,3.658,0.23,6.27,0.94,0.36,0.24,80,76,9,16,66
,Tr3,2,PL,PL2,deficit,Def,uninoculated,Unin,_,DefUnin_,Tr3DefUnin,Tr3DefUninPL2,0,0,0,0,0,0,0,0,0,0,99.5,0.353488527,41,73.1,72.9,73.1,73.03333333,0.0422,0.0608,0.0094,63.81322957,27.99,22.17,5.82,6.7,7.003333333,-4.331270823,83,107,-22.42990654,214,282,-24.11347518,493,489,0.81799591,3328.3,3665.5,-9.199290683,2,21.7,19.8,9.595959596,2.5,19,69.3,5.1,4.7,8.510638298,4.6,4.266666667,7.8125,69.4,96.46666667,-28.05805114,P22-00140,2,2.843,0.17,5.83,0.81,0.33,0.21,47,63,6,14,35
,Tr3,3,PL,PL3,deficit,Def,uninoculated,Unin,_,DefUnin_,Tr3DefUnin,Tr3DefUninPL3,0,0,0,0,0,0,0,0,0,0,102.1,0.353488527,51.1,70.7,70.7,71.9,71.1,0.0481,0.03202,0.0066,163.2572777,26.11,22.16,3.95,7.01,7.003333333,0.095192765,107,107,0,237,282,-15.95744681,539,489,10.22494888,3507.1,3665.5,-4.321374983,0,20.1,19.8,1.515151515,3,22.3,74.6,5.8,4.7,23.40425532,4.3,4.266666667,0.78125,85.6,96.46666667,-11.26468556,P22-00141,3,3.648,0.22,6.54,0.93,0.39,0.23,63,74,8,15,59
,Tr3,4,PL,PL4,deficit,Def,uninoculated,Unin,_,DefUnin_,Tr3DefUnin,Tr3DefUninPL4,0,0,0,0,0,0,0,0,0,0,109.4,0.353488527,47.7,71.3,70.6,70.4,70.76666667,0.0508,0.0416,0.0071,126.6666667,25.88,21.86,4.02,7.18,7.003333333,2.522608282,75,107,-29.90654206,133,282,-52.83687943,471,489,-3.680981595,4106.2,3665.5,12.02291638,0,19.3,19.8,-2.525252525,1.8,20.4,77.9,5,4.7,6.382978723,5.4,4.266666667,26.5625,53.6,96.46666667,-44.43676572,P22-00142,4,3.945,0.25,5.77,1.24,0.45,0.25,47,79,9,11,33
,Tr3,5,PL,PL5,deficit,Def,uninoculated,Unin,_,DefUnin_,Tr3DefUnin,Tr3DefUninPL5,0,0,0,0,0,0,0,0,0,0,122.3,0.353488527,53,71.7,72.4,73,72.36666667,0.0413,0.0506,0.0082,78.06603774,32.21,22.06,10.15,6.97,7.003333333,-0.475963827,105,107,-1.869158879,275,282,-2.482269504,518,489,5.930470348,3556.6,3665.5,-2.970945301,0,20,19.8,1.01010101,3.5,21.6,74.9,5.1,4.7,8.510638298,4.8,4.266666667,12.5,121.9,96.46666667,26.36489288,P22-00143,5,3.573,0.25,5.9,0.96,0.36,0.24,40,78,7,14,34
,Tr3,6,PL,PL6,deficit,Def,uninoculated,Unin,_,DefUnin_,Tr3DefUnin,Tr3DefUninPL6,0,0,0,0,0,0,0,0,0,0,98.1,0.353488527,39,72.4,72.9,72.9,72.73333333,0.0336,0.0377,0.0072,86.55737705,26.93,21.71,5.22,6.97,7.003333333,-0.475963827,99,107,-7.476635514,225,282,-20.21276596,507,489,3.680981595,3445.1,3665.5,-6.012822262,0,19.8,19.8,0,2.9,21.3,75.8,6.6,4.7,40.42553191,4.9,4.266666667,14.84375,101.8,96.46666667,5.528680028,P22-00144,6,3.348,0.21,6.53,1.02,0.38,0.2,59,70,7,12,46
,Tr3,7,PL,PL7,deficit,Def,uninoculated,Unin,_,DefUnin_,Tr3DefUnin,Tr3DefUninPL7,0,0,0,0,0,0,0,0,0,0,103.9,0.353488527,49.2,71.1,71.7,71.7,71.5,0.0283,0.0333,0.0061,81.61764706,28.26,21.79,6.47,7,7.003333333,-0.047596383,94,107,-12.14953271,249,282,-11.70212766,517,489,5.72597137,3473.8,3665.5,-5.22984586,0,19.9,19.8,0.505050505,3.2,21.6,75.2,5.3,4.7,12.76595745,4.7,4.266666667,10.15625,131.1,96.46666667,35.90186593,P22-00145,7,3.448,0.21,6.4,0.95,0.36,0.22,36,73,7,11,32
,Tr3,8,PL,PL8,deficit,Def,uninoculated,Unin,_,DefUnin_,Tr3DefUnin,Tr3DefUninPL8,0,0,0,0,0,0,0,0,0,0,108.3,0.353488527,41.8,72.5,72.5,72.3,72.43333333,0.0373,0.0434,0.0075,83.00835655,28.76,21.64,7.12,7.22,7.003333333,3.093764874,91,107,-14.95327103,210,282,-25.53191489,411,489,-15.95092025,2996.8,3665.5,-18.24307734,0,18.9,19.8,-4.545454545,2.8,18.1,79.1,5.5,4.7,17.0212766,5.1,4.266666667,19.53125,63.9,96.46666667,-33.75950242,P22-00146,8,3.109,0.19,6.02,0.85,0.35,0.22,51,71,7,14,34
,Tr3,9,PL,PL9,deficit,Def,uninoculated,Unin,_,DefUnin_,Tr3DefUnin,Tr3DefUninPL9,0,0,0,0,0,0,0,0,0,0,84.6,0.353488527,47.4,70.8,70.8,71.4,71,0.0311,0.0295,0.0054,106.6390041,25.04,22.27,2.77,7.06,7.003333333,0.809138505,93,107,-13.08411215,217,282,-23.04964539,494,489,1.022494888,3448.9,3665.5,-5.909152912,0,19.7,19.8,-0.505050505,2.8,20.9,76.2,6.5,4.7,38.29787234,4.6,4.266666667,7.8125,78.2,96.46666667,-18.93572909,P22-00147,9,3.756,0.25,6.03,1.1,0.43,0.23,64,82,8,12,31
,Tr3,10,PL,PL10,deficit,Def,uninoculated,Unin,_,DefUnin_,Tr3DefUnin,Tr3DefUninPL10,0,0,0,0,0,0,0,0,0,0,94.7,0.353488527,51.4,71.4,71.3,71.7,71.46666667,0.0254,0.0239,0.0051,107.9787234,24.28,21.71,2.57,7.04,7.003333333,0.523560209,97,107,-9.345794393,214,282,-24.11347518,517,489,5.72597137,3916.2,3665.5,6.839448916,0,19.9,19.8,0.505050505,2.8,21.7,75.5,6,4.7,27.65957447,4.3,4.266666667,0.78125,94.8,96.46666667,-1.727712509,P22-00148,10,3.477,0.21,5.85,1.14,0.42,0.23,44,79,7,11,40
,Tr3,11,PL,PL11,deficit,Def,inoculated,Inoc,Det,DefInocDet,Tr3DefInoc,Tr3DefInocPL11,80,0.8,1.107148718,2,0.33333,0.615476173,33.333,0,0,0,100.6,0.446400922,44.6,72.8,73.3,71.9,72.66666667,0.0408,0.0221,0.0085,237.5,27.69,21.87,5.82,6.91,7.003333333,-1.332698715,103,107,-3.738317757,282,282,0,605,489,23.72188139,4075.6,3665.5,11.18810531,0,20.8,19.8,5.050505051,3.5,24.3,72.2,6.5,4.7,38.29787234,5.2,4.266666667,21.875,168.5,96.46666667,74.67173462,P22-00149,11,3.608,0.23,6.53,1.02,0.41,0.23,52,75,7,13,34
,Tr3,12,PL,PL12,deficit,Def,inoculated,Inoc,ND,DefInocND,Tr3DefInoc,Tr3DefInocPL12,0,0,0,0,0,0,0,0,0,0,112.2,1.190014755,45.9,71.9,71.7,71.6,71.73333333,0.0419,0.0485,0.0072,84.01937046,28.86,22.18,6.68,6.87,7.003333333,-1.903855307,102,107,-4.672897196,235,282,-16.66666667,548,489,12.06543967,3822.4,3665.5,4.280452871,0,20.2,19.8,2.02020202,3,22.6,74.4,6.5,4.7,38.29787234,4.6,4.266666667,7.8125,106.5,96.46666667,10.4008293,P22-00150,12,3.653,0.22,5.47,1.04,0.44,0.21,53,70,6,13,30
,Tr3,13,PL,PL13,deficit,Def,inoculated,Inoc,Det,DefInocDet,Tr3DefInoc,Tr3DefInocPL13,0,0,0,3,0.5,0.785398163,50,0,0,0,102.7,0.446400922,47.6,73.1,71.8,70.7,71.86666667,0.0357,0.045,0.0066,75.78125,25.73,21.93,3.8,6.91,7.003333333,-1.332698715,117,107,9.345794393,342,282,21.27659574,654,489,33.74233129,4119.2,3665.5,12.37757468,0,21.3,19.8,7.575757576,4.1,25.6,70.3,6.8,4.7,44.68085106,4.7,4.266666667,10.15625,193.7,96.46666667,100.7947478,P22-00151,13,3.629,0.24,6.16,1.02,0.4,0.23,74,84,9,16,55
,Tr3,14,PL,PL14,deficit,Def,inoculated,Inoc,Det,DefInocDet,Tr3DefInoc,Tr3DefInocPL14,86.6667,0.866667,1.197004642,2,0.333333333,0.615479709,33.33333333,0,0,0,107.8,0.446400922,49,71,70.6,70.8,70.8,0.0413,0.0392,0.0067,106.4615385,26.58,22.02,4.56,6.92,7.003333333,-1.189909567,104,107,-2.803738318,292,282,3.546099291,558,489,14.11042945,4078.2,3665.5,11.25903697,0,20.4,19.8,3.03030303,3.7,22.8,73.5,5.4,4.7,14.89361702,4.9,4.266666667,14.84375,149,96.46666667,54.45749827,P22-00152,14,3.748,0.24,6.74,1.01,0.39,0.22,57,78,8,15,39
,Tr3,15,PL,PL15,deficit,Def,inoculated,Inoc,Det,DefInocDet,Tr3DefInoc,Tr3DefInocPL15,2.85714,0.0285714,0.169846202,4,0.666666667,0.955316618,66.66666667,0,0,0,116.9,0.446400922,46.4,72.1,73.7,72.8,72.86666667,0.0433,0.0467,0.0082,91.16883117,30.31,21.96,8.35,7.13,7.003333333,1.808662542,98,107,-8.411214953,220,282,-21.9858156,510,489,4.294478528,3749.4,3665.5,2.288910108,0,19.8,19.8,0,2.8,21.4,75.7,5.5,4.7,17.0212766,4.9,4.266666667,14.84375,77.4,96.46666667,-19.7650311,P22-00153,15,2.976,0.2,5.57,0.99,0.41,0.21,49,99,7,13,24
,Tr3,16,PL,PL16,deficit,Def,inoculated,Inoc,Det,DefInocDet,Tr3DefInoc,Tr3DefInocPL16,1.33333,0.0133333,0.115728061,3,0.5,0.785398163,50,0,0,0,113.3,0.446400922,48.9,72.5,72.6,77.4,74.16666667,0.0538,0.0641,0.0093,81.20437956,31.01,21.64,9.37,6.94,7.003333333,-0.904331271,107,107,0,319,282,13.12056738,520,489,6.339468303,3614.9,3665.5,-1.380439231,0,20.2,19.8,2.02020202,4.1,21.5,74.4,6,4.7,27.65957447,5.8,4.266666667,35.9375,142.1,96.46666667,47.30476849,P22-00154,16,3.718,0.25,6.31,0.98,0.4,0.23,68,81,7,16,36
,Tr3,17,PL,PL17,deficit,Def,inoculated,Inoc,Det,DefInocDet,Tr3DefInoc,Tr3DefInocPL17,5.33333,0.0533333,0.233043725,4,0.666666667,0.955316618,66.66666667,0,0,0,105.1,0.446400922,42.6,72.1,71.4,72.1,71.86666667,0.0377,0.0467,0.0076,76.98209719,28.06,21.61,6.45,6.92,7.003333333,-1.189909567,96,107,-10.28037383,322,282,14.18439716,571,489,16.76891616,3778.9,3665.5,3.093711636,0,20.6,19.8,4.04040404,4,23.1,72.9,5.1,4.7,8.510638298,4.4,4.266666667,3.125,115.9,96.46666667,20.14512785,P22-00155,17,3.358,0.24,6.54,0.94,0.36,0.22,53,77,7,13,34
,Tr3,18,PL,PL18,deficit,Def,inoculated,Inoc,Det,DefInocDet,Tr3DefInoc,Tr3DefInocPL18,9.33333,0.0933333,0.310468732,2,0.333333333,0.615479709,33.33333333,0,0,0,98.5,0.446400922,43.6,72.4,72.6,73.1,72.7,0.0396,0.0382,0.0073,104.5307443,25.93,20.83,5.1,7.07,7.003333333,0.951927653,73,107,-31.77570093,148,282,-47.5177305,417,489,-14.72392638,3638.6,3665.5,-0.733869868,0,18.9,19.8,-4.545454545,2,18.4,79.6,5,4.7,6.382978723,4.6,4.266666667,7.8125,43.9,96.46666667,-54.49205252,P22-00156,18,3.247,0.19,5.2,1.12,0.41,0.19,41,68,7,11,25
,Tr3,19,PL,PL19,deficit,Def,inoculated,Inoc,Det,DefInocDet,Tr3DefInoc,Tr3DefInocPL19,61.5385,0.615385,0.901832648,2,0.333333333,0.615479709,33.33333333,0,0,0,110.8,0.446400922,50.2,71.8,71.4,72.1,71.76666667,0.0388,0.0415,0.007,92.17391304,27.63,21.8,5.83,7.12,7.003333333,1.665873394,90,107,-15.88785047,228,282,-19.14893617,484,489,-1.022494888,3378.8,3665.5,-7.821579594,0,19.6,19.8,-1.01010101,3,20.6,76.5,5.3,4.7,12.76595745,4.8,4.266666667,12.5,119.4,96.46666667,23.77332412,P22-00157,19,2.817,0.25,6.39,0.86,0.31,0.21,41,75,6,10,30
,Tr3,20,PL,PL20,deficit,Def,inoculated,Inoc,Det,DefInocDet,Tr3DefInoc,Tr3DefInocPL20,86.6667,0.866667,1.197004642,3,0.5,0.785398163,50,0,0,0,106.4,0.446400922,46.2,69.7,69.6,70.4,69.9,0.0398,0.03,0.006,140.8333333,24.79,21.72,3.07,6.97,7.003333333,-0.475963827,86,107,-19.62616822,211,282,-25.17730496,506,489,3.476482618,3375.2,3665.5,-7.919792661,0,19.8,19.8,0,2.7,21.3,75.9,5.4,4.7,14.89361702,4.7,4.266666667,10.15625,85.2,96.46666667,-11.67933656,P22-00158,20,3.976,0.25,6.12,1.15,0.46,0.22,45,86,8,11,32
,Tr3,21,PL,PL21,adequate,Ade,uninoculated,Unin,_,AdeUnin_,Tr3AdeUnin,Tr3AdeUninPL21,0,0,0,0,0,0,0,0,0,0,120.6,0.352595226,52.7,72.4,72.6,73.1,72.7,0.0424,0.0437,0.0073,96.42857143,30.02,22.01,8.01,7.16,7.003333333,2.237029986,110,107,2.803738318,188,282,-33.33333333,528,489,7.975460123,3599.1,3665.5,-1.811485473,0,19.9,19.8,0.505050505,2.4,22.1,75.4,5.2,4.7,10.63829787,5.1,4.266666667,19.53125,92.7,96.46666667,-3.90463027,P22-00159,21,3.977,0.27,5.21,0.88,0.42,0.26,34,79,6,10,24
,Tr3,22,PL,PL22,adequate,Ade,uninoculated,Unin,_,AdeUnin_,Tr3AdeUnin,Tr3AdeUninPL22,0,0,0,0,0,0,0,0,0,0,123.8,0.352595226,49.7,71.6,72.8,72.4,72.26666667,0.0424,0.0395,0.0083,109.2948718,31.26,21.98,9.28,7.2,7.003333333,2.808186578,86,107,-19.62616822,143,282,-49.29078014,547,489,11.8609407,3486.3,3665.5,-4.888828264,0,19.9,19.8,0.505050505,1.8,22.9,75.3,4.8,4.7,2.127659574,4.6,4.266666667,7.8125,52.7,96.46666667,-45.36973048,P22-00160,22,3.18,0.31,5.72,1.04,0.41,0.26,46,91,8,13,28
,Tr3,23,PL,PL23,adequate,Ade,uninoculated,Unin,_,AdeUnin_,Tr3AdeUnin,Tr3AdeUninPL23,0,0,0,0,0,0,0,0,0,0,113.6,0.352595226,49,70.7,71.1,71.4,71.06666667,0.0412,0.0436,0.0067,93.49593496,26.22,21.91,4.31,7.08,7.003333333,1.094716802,88,107,-17.75700935,193,282,-31.56028369,556,489,13.70143149,3534.8,3665.5,-3.565679989,0,20.1,19.8,1.515151515,2.5,23,74.5,4.4,4.7,-6.382978723,4.2,4.266666667,-1.5625,79.9,96.46666667,-17.17346234,P22-00161,23,4.333,0.32,5.75,1.08,0.4,0.23,54,96,8,10,28
,Tr3,24,PL,PL24,adequate,Ade,uninoculated,Unin,_,AdeUnin_,Tr3AdeUnin,Tr3AdeUninPL24,0,0,0,0,0,0,0,0,0,0,123.4,0.352595226,52.4,71.6,71.4,71,71.33333333,0.0486,0.052,0.0085,92.18390805,27.55,21.99,5.56,7.15,7.003333333,2.094240838,95,107,-11.21495327,182,282,-35.46099291,498,489,1.840490798,3409.1,3665.5,-6.99495294,0,19.6,19.8,-1.01010101,2.4,21.2,76.5,4.6,4.7,-2.127659574,4.4,4.266666667,3.125,64.2,96.46666667,-33.44851417,P22-00162,24,4.384,0.39,6.77,1.2,0.44,0.31,61,115,10,13,35
,Tr3,25,PL,PL25,adequate,Ade,uninoculated,Unin,_,AdeUnin_,Tr3AdeUnin,Tr3AdeUninPL25,0,0,0,0,0,0,0,0,0,0,116,0.352595226,50.8,71.7,71,70.9,71.2,0.0384,0.036,0.0062,108.0536913,25.65,22.14,3.51,7.15,7.003333333,2.094240838,97,107,-9.345794393,202,282,-28.36879433,516,489,5.521472393,3718.9,3665.5,1.456827172,0,19.8,19.8,0,2.6,21.7,75.7,5.1,4.7,8.510638298,4.9,4.266666667,14.84375,72.7,96.46666667,-24.63718037,P22-00163,25,4.289,0.4,5.81,0.94,0.34,0.29,57,130,9,10,37
,Tr3,26,PL,PL26,adequate,Ade,uninoculated,Unin,_,AdeUnin_,Tr3AdeUnin,Tr3AdeUninPL26,0,0,0,0,0,0,0,0,0,0,110.8,0.352595226,49.5,71.8,71.7,71,71.5,0.0218,0.0176,0.004,130.8823529,27.82,21.85,5.97,7.3,7.003333333,4.236078058,87,107,-18.69158879,141,282,-50,485,489,-0.81799591,3343.5,3665.5,-8.784613286,0,19.4,19.8,-2.02020202,1.9,20.8,77.3,6.1,4.7,29.78723404,4.4,4.266666667,3.125,56.8,96.46666667,-41.11955771,P22-00164,26,3.742,0.38,5.96,0.87,0.3,0.3,53,92,8,14,36
,Tr3,27,PL,PL27,adequate,Ade,uninoculated,Unin,_,AdeUnin_,Tr3AdeUnin,Tr3AdeUninPL27,0,0,0,0,0,0,0,0,0,0,117.1,0.352595226,49,71.7,71.4,70.6,71.23333333,0.0304,0.0299,0.0065,102.1367521,29.11,21.76,7.35,7.12,7.003333333,1.665873394,99,107,-7.476635514,188,282,-33.33333333,520,489,6.339468303,3689,3665.5,0.641113081,0,19.8,19.8,0,2.4,21.9,75.7,4.9,4.7,4.255319149,4.4,4.266666667,3.125,68.3,96.46666667,-29.1983414,P22-00165,27,4.249,0.3,5.14,1.01,0.38,0.28,55,88,7,12,28
,Tr3,28,PL,PL28,adequate,Ade,uninoculated,Unin,_,AdeUnin_,Tr3AdeUnin,Tr3AdeUninPL28,0,0,0,0,0,0,0,0,0,0,110.3,0.352595226,46.5,70.8,71.4,70.4,70.86666667,0.033,0.0301,0.0048,111.4624506,27.39,21.79,5.6,7.19,7.003333333,2.66539743,81,107,-24.29906542,146,282,-48.22695035,520,489,6.339468303,3549.8,3665.5,-3.156458873,0,19.7,19.8,-0.505050505,1.9,22,76.1,5.1,4.7,8.510638298,4.3,4.266666667,0.78125,52.4,96.46666667,-45.68071873,P22-00166,28,3.556,0.2,5.28,0.83,0.36,0.22,39,1190,7,11,21
,Tr3,29,PL,PL29,adequate,Ade,uninoculated,Unin,_,AdeUnin_,Tr3AdeUnin,Tr3AdeUninPL29,0,0,0,0,0,0,0,0,0,0,119.2,0.352595226,52.4,70.6,69.6,70.3,70.16666667,0.015,0.015,0.0036,100,27.17,21.69,5.48,7.19,7.003333333,2.66539743,107,107,0,193,282,-31.56028369,445,489,-8.99795501,3303.8,3665.5,-9.867685173,0,19.2,19.8,-3.03030303,2.6,19.3,78.1,5.4,4.7,14.89361702,5.5,4.266666667,28.90625,77.2,96.46666667,-19.9723566,P22-00167,29,4.415,0.36,5.43,0.93,0.32,0.27,59,90,9,11,35
,Tr3,30,PL,PL30,adequate,Ade,uninoculated,Unin,_,AdeUnin_,Tr3AdeUnin,Tr3AdeUninPL30,0,0,0,0,0,0,0,0,0,0,122.6,0.352595226,59.8,70.3,70.6,71.4,70.76666667,0.0296,0.0423,0.0062,64.8199446,28.06,21.71,6.35,7.16,7.003333333,2.237029986,108,107,0.934579439,208,282,-26.24113475,542,489,10.83844581,3567.4,3665.5,-2.676306097,0,20.1,19.8,1.515151515,2.7,22.5,74.8,5.2,4.7,10.63829787,4.7,4.266666667,10.15625,75.1,96.46666667,-22.14927436,P22-00168,30,4.265,0.31,5.56,0.75,0.28,0.24,41,193,7,10,36
,Tr3,31,PL,PL31,adequate,Ade,inoculated,Inoc,Det,AdeInocDet,Tr3AdeInoc,Tr3AdeInocPL31,73.3333,0.733333,1.028156848,5,0.833333333,1.150261992,83.33333333,0,0,0,135.9,0.51756805,55.3,72.5,72.7,73.1,72.76666667,0.0296,0.0382,0.0075,71.98697068,33.99,21.88,12.11,6.93,7.003333333,-1.047120419,114,107,6.542056075,221,282,-21.63120567,521,489,6.54396728,3532.1,3665.5,-3.63933979,0,19.9,19.8,0.505050505,2.8,21.8,75.3,5.9,4.7,25.53191489,5.4,4.266666667,26.5625,160.5,96.46666667,66.37871458,P22-00169,31,3.904,0.32,5.39,0.99,0.36,0.31,73,89,9,12,42
,Tr3,32,PL,PL32,adequate,Ade,inoculated,Inoc,Det,AdeInocDet,Tr3AdeInoc,Tr3AdeInocPL32,100,1,1.570796327,4,0.666666667,0.955316618,66.66666667,0,0,0,125.4,0.51756805,47.1,73.1,72.4,72,72.5,0.0435,0.0448,0.0073,96.53333333,29.58,21.74,7.84,6.95,7.003333333,-0.761542123,98,107,-8.411214953,161,282,-42.90780142,524,489,7.157464213,3570.2,3665.5,-2.599918156,0,19.8,19.8,0,2.1,22.1,75.8,5.1,4.7,8.510638298,4.9,4.266666667,14.84375,61.7,96.46666667,-36.04008293,P22-00170,32,3.467,0.29,5.24,0.95,0.37,0.24,51,78,7,12,27
,Tr3,33,PL,PL33,adequate,Ade,inoculated,Inoc,Det,AdeInocDet,Tr3AdeInoc,Tr3AdeInocPL33,80,0.8,1.107148718,4,0.666666667,0.955316618,66.66666667,0,0,0,126.5,0.51756805,47.7,71.4,71.3,71,71.23333333,0.0466,0.0446,0.0068,105.2910053,28.78,21.84,6.94,7.12,7.003333333,1.665873394,91,107,-14.95327103,192,282,-31.91489362,516,489,5.521472393,3461.7,3665.5,-5.559950893,0,19.8,19.8,0,2.5,21.7,75.8,5.7,4.7,21.27659574,5.6,4.266666667,31.25,72.7,96.46666667,-24.63718037,P22-00171,33,2.973,0.28,5.26,0.93,0.35,0.25,56,82,7,12,23
,Tr3,34,PL,PL34,adequate,Ade,inoculated,Inoc,Det,AdeInocDet,Tr3AdeInoc,Tr3AdeInocPL34,53.3333,0.533333,0.818755904,1,0.166666667,0.420534335,16.66666667,0,0,0,114.2,0.51756805,50.5,69.2,70.1,70.8,70.03333333,0.0488,0.0417,0.0081,121.1309524,26.17,21.87,4.3,7.33,7.003333333,4.664445502,73,107,-31.77570093,112,282,-60.28368794,497,489,1.63599182,4018.6,3665.5,9.633065066,0,19.4,19.8,-2.02020202,1.5,21.3,77.2,4.8,4.7,2.127659574,5.3,4.266666667,24.21875,37.9,96.46666667,-60.71181755,P22-00172,34,3.923,0.37,5.66,1.04,0.35,0.28,66,97,8,11,29
,Tr3,35,PL,PL35,adequate,Ade,inoculated,Inoc,Det,AdeInocDet,Tr3AdeInoc,Tr3AdeInocPL35,33.3333,0.333333,0.615479355,4,0.666666667,0.955316618,66.66666667,0,0,0,130.4,0.51756805,49.2,71.1,71.8,72,71.63333333,0.0419,0.1656,0.0071,21.95583596,31.38,21.93,9.45,7.18,7.003333333,2.522608282,95,107,-11.21495327,178,282,-36.87943262,536,489,9.611451943,3727.4,3665.5,1.688719138,0,19.9,19.8,0.505050505,2.3,22.4,75.3,5.1,4.7,8.510638298,4.9,4.266666667,14.84375,78.8,96.46666667,-18.31375259,P22-00173,35,3.399,0.32,5.89,1.07,0.44,0.27,56,95,8,13,35
,Tr3,36,PL,PL36,adequate,Ade,inoculated,Inoc,Det,AdeInocDet,Tr3AdeInoc,Tr3AdeInocPL36,100,1,1.570796327,3,0.5,0.785398163,50,0,0,0,121.9,0.51756805,46.3,73.8,73.3,73.1,73.4,0.0505,0.0296,0.0082,197.6635514,30.73,21.79,8.94,7.2,7.003333333,2.808186578,75,107,-29.90654206,146,282,-48.22695035,510,489,4.294478528,3435.1,3665.5,-6.285636339,0,19.6,19.8,-1.01010101,1.9,21.7,76.4,4.6,4.7,-2.127659574,4.4,4.266666667,3.125,53,96.46666667,-45.05874223,P22-00174,36,2.612,0.29,5.1,0.77,0.31,0.24,54,78,7,12,28
,Tr3,37,PL,PL37,adequate,Ade,inoculated,Inoc,Det,AdeInocDet,Tr3AdeInoc,Tr3AdeInocPL37,86.6667,0.866667,1.197004642,1,0.166666667,0.420534335,16.66666667,0,0,0,119.1,0.51756805,47.1,72.4,72.1,72.4,72.3,0.0405,0.044,0.0069,90.56603774,28.83,21.82,7.01,6.97,7.003333333,-0.475963827,107,107,0,221,282,-21.63120567,517,489,5.72597137,3560.5,3665.5,-2.864547811,0,19.9,19.8,0.505050505,2.9,21.7,75.5,4.7,4.7,0,4.5,4.266666667,5.46875,104.5,96.46666667,8.327574292,P22-00175,37,4.227,0.32,5.66,0.94,0.38,0.29,43,89,7,9,28
,Tr3,38,PL,PL38,adequate,Ade,inoculated,Inoc,ND,AdeInocND,Tr3AdeInoc,Tr3AdeInocPL38,93.3333,0.933333,1.309638248,0,0,0,0,0,0,0,124.6,2.174788879,44.9,71.1,72.4,72.4,71.96666667,0.0451,0.0462,0.007,97.19387755,30.22,18.62,11.6,7.26,7.003333333,3.664921466,98,107,-8.411214953,182,282,-35.46099291,443,489,-9.406952965,3319.2,3665.5,-9.447551494,0,19.2,19.8,-3.03030303,2.4,19.3,78.3,5.5,4.7,17.0212766,5.2,4.266666667,21.875,93,96.46666667,-3.593642018,P22-00176,38,2.553,0.31,5.58,0.81,0.29,0.27,53,72,7,12,23
,Tr3,39,PL,PL39,adequate,Ade,inoculated,Inoc,Det,AdeInocDet,Tr3AdeInoc,Tr3AdeInocPL39,100,1,1.570796327,2,0.333333333,0.615479709,33.33333333,0,0,0,117.6,0.51756805,47.2,69.9,72.3,70.1,70.76666667,0.0375,0.038,0.0068,98.3974359,27.46,21.71,5.75,7.19,7.003333333,2.66539743,100,107,-6.542056075,179,282,-36.5248227,536,489,9.611451943,3514.8,3665.5,-4.111308144,0,19.9,19.8,0.505050505,2.3,22.4,75.3,4.9,4.7,4.255319149,4.8,4.266666667,12.5,55.5,96.46666667,-42.46717346,P22-00177,39,4.091,0.26,5.43,1.05,0.4,0.23,55,77,7,10,24
,Tr3,40,PL,PL40,adequate,Ade,inoculated,Inoc,Det,AdeInocDet,Tr3AdeInoc,Tr3AdeInocPL40,73.3333,0.733333,1.028156848,2,0.333333333,0.615479709,33.33333333,0,0,0,88.5,0.51756805,51.8,71,70.1,71.3,70.8,0.0419,0.0434,0.0071,95.8677686,25.14,21.4,3.74,6.93,7.003333333,-1.047120419,118,107,10.28037383,205,282,-27.30496454,560,489,14.5194274,3690.4,3665.5,0.679307052,0,20.2,19.8,2.02020202,2.6,23.1,74.3,10.3,4.7,119.1489362,4.4,4.266666667,3.125,141.7,96.46666667,46.89011748,P22-00178,40,4.61,0.33,5.4,0.98,0.42,0.27,76,107,8,9,40
,Tr3,41,PL,PL41,excess,Exc,uninoculated,Unin,_,ExcUnin_,Tr3ExcUnin,Tr3ExcUninPL41,0,0,0,0,0,0,0,0,0,0,127.3,0.450824844,54.5,72.6,72,72.3,72.3,0.0644,0.0683,0.0105,93.25259516,32.19,21.83,10.36,7.18,7.003333333,2.522608282,95,107,-11.21495327,137,282,-51.41843972,500,489,2.249488753,3318.7,3665.5,-9.461192198,0,19.5,19.8,-1.515151515,1.8,21.3,76.9,4.8,4.7,2.127659574,4.6,4.266666667,7.8125,90.6,96.46666667,-6.08154803,P22-00179,41,3.931,0.33,5.23,0.9,0.34,0.28,54,85,8,10,27
,Tr3,42,PL,PL42,excess,Exc,uninoculated,Unin,_,ExcUnin_,Tr3ExcUnin,Tr3ExcUninPL42,0,0,0,0,0,0,0,0,0,0,134.4,0.450824844,54.7,72.5,71.3,71.4,71.73333333,0.041,0.048,0.0068,83.00970874,31.57,21.81,9.76,7.13,7.003333333,1.808662542,98,107,-8.411214953,209,282,-25.88652482,543,489,11.04294479,3861.6,3665.5,5.349884054,0,20.1,19.8,1.515151515,2.7,22.6,74.8,5.2,4.7,10.63829787,4.9,4.266666667,14.84375,199.3,96.46666667,106.5998618,P22-00180,42,3.794,0.34,5.14,0.93,0.33,0.27,65,84,8,12,23
,Tr3,43,PL,PL43,excess,Exc,uninoculated,Unin,_,ExcUnin_,Tr3ExcUnin,Tr3ExcUninPL43,0,0,0,0,0,0,0,0,0,0,121,0.450824844,51.6,70.9,71,71,70.96666667,0.0549,0.0513,0.0089,108.490566,26.26,21.98,4.28,7.14,7.003333333,1.95145169,98,107,-8.411214953,203,282,-28.0141844,580,489,18.60940695,3994.9,3665.5,8.986495703,0,20.4,19.8,3.03030303,2.6,23.7,73.7,5.2,4.7,10.63829787,4.8,4.266666667,12.5,137.4,96.46666667,42.43261921,P22-00181,43,4.244,0.25,5.63,0.98,0.39,0.26,64,281,7,11,37
,Tr3,44,PL,PL44,excess,Exc,uninoculated,Unin,_,ExcUnin_,Tr3ExcUnin,Tr3ExcUninPL44,0,0,0,0,0,0,0,0,0,0,120.6,0.450824844,52.4,69.8,70.4,69.2,69.8,0.0392,0.0363,0.0068,109.8305085,27.2,21.84,5.36,7.05,7.003333333,0.666349357,120,107,12.14953271,207,282,-26.59574468,563,489,15.13292434,3653.2,3665.5,-0.335561315,0,20.2,19.8,2.02020202,2.6,23.2,74.2,6.7,4.7,42.55319149,4.6,4.266666667,7.8125,130.8,96.46666667,35.59087768,P22-00182,44,4.222,0.29,5.51,0.94,0.36,0.29,77,88,8,18,33
,Tr3,45,PL,PL45,excess,Exc,uninoculated,Unin,_,ExcUnin_,Tr3ExcUnin,Tr3ExcUninPL45,0,0,0,0,0,0,0,0,0,0,122.3,0.450824844,48.5,71.3,71,70.6,70.96666667,0.0523,0.0511,0.008,102.7842227,27.77,21.71,6.06,7.42,7.003333333,5.949547834,67,107,-37.38317757,91,282,-67.73049645,513,489,4.90797546,4060.4,3665.5,10.77342791,0,19.5,19.8,-1.515151515,1.2,21.9,76.9,4.4,4.7,-6.382978723,4.7,4.266666667,10.15625,60.7,96.46666667,-37.07671044,P22-00183,45,3.107,0.23,5.07,1.07,0.38,0.21,57,69,6,13,16
,Tr3,46,PL,PL46,excess,Exc,uninoculated,Unin,_,ExcUnin_,Tr3ExcUnin,Tr3ExcUninPL46,0,0,0,0,0,0,0,0,0,0,120.5,0.450824844,50.5,72.4,72.8,73.1,72.76666667,0.0361,0.0364,0.0068,98.98648649,29.84,21.76,8.08,7.25,7.003333333,3.522132318,92,107,-14.01869159,136,282,-51.77304965,512,489,4.703476483,3722.6,3665.5,1.557768381,0,19.6,19.8,-1.01010101,1.8,21.8,76.5,10.1,4.7,114.893617,4.6,4.266666667,7.8125,67.1,96.46666667,-30.4422944,P22-00184,46,2.66,0.2,4.73,0.71,0.29,0.2,42,61,5,13,16
,Tr3,47,PL,PL47,excess,Exc,uninoculated,Unin,_,ExcUnin_,Tr3ExcUnin,Tr3ExcUninPL47,0,0,0,0,0,0,0,0,0,0,113.4,0.450824844,50.3,72.7,72.5,71,72.06666667,0.0316,0.0169,0.0059,233.6363636,28.23,20.51,7.72,7.29,7.003333333,4.09328891,62,107,-42.05607477,75,282,-73.40425532,545,489,11.45194274,4389.9,3665.5,19.76265175,0,19.7,19.8,-0.505050505,1,23,76,4.8,4.7,2.127659574,4.5,4.266666667,5.46875,66,96.46666667,-31.58258466,P22-00185,47,4.139,0.3,5.37,0.96,0.34,0.26,56,73,8,11,23
,Tr3,48,PL,PL48,excess,Exc,uninoculated,Unin,_,ExcUnin_,Tr3ExcUnin,Tr3ExcUninPL48,0,0,0,0,0,0,0,0,0,0,131.6,0.450824844,47.8,73,71.9,71.8,72.23333333,0.0428,0.04,0.0081,108.7774295,32.91,21.67,11.24,7.25,7.003333333,3.522132318,89,107,-16.82242991,135,282,-52.12765957,511,489,4.498977505,3743.8,3665.5,2.136134225,0,19.6,19.8,-1.01010101,1.8,21.7,76.5,5.4,4.7,14.89361702,4.5,4.266666667,5.46875,107.4,96.46666667,11.33379406,P22-00186,48,1.863,0.23,5.03,0.6,0.24,0.17,36,50,4,11,14
,Tr3,49,PL,PL49,excess,Exc,uninoculated,Unin,_,ExcUnin_,Tr3ExcUnin,Tr3ExcUninPL49,0,0,0,0,0,0,0,0,0,0,122.5,0.450824844,50.6,71.9,70.3,70.6,70.93333333,0.0376,0.0366,0.0061,103.2786885,28.13,21.68,6.45,7.01,7.003333333,0.095192765,91,107,-14.95327103,172,282,-39.0070922,586,489,19.83640082,3972.8,3665.5,8.383576593,0,20.3,19.8,2.525252525,2.2,24,73.8,5.6,4.7,19.14893617,4.6,4.266666667,7.8125,132.5,96.46666667,37.35314444,P22-00187,49,4.144,0.28,5.24,0.82,0.32,0.26,71,78,7,10,30
,Tr3,50,PL,PL50,excess,Exc,uninoculated,Unin,_,ExcUnin_,Tr3ExcUnin,Tr3ExcUninPL50,0,0,0,0,0,0,0,0,0,0,113.6,0.450824844,48.7,71.9,70.3,70.3,70.83333333,0.0352,0.0384,0.0067,89.90536278,28.26,21.82,6.44,7.14,7.003333333,1.95145169,109,107,1.869158879,185,282,-34.39716312,511,489,4.498977505,3700.9,3665.5,0.965761833,0,19.7,19.8,-0.505050505,2.4,21.6,76,5.3,4.7,12.76595745,4.7,4.266666667,10.15625,82.8,96.46666667,-14.16724257,P22-00188,50,4.449,0.32,5.17,0.95,0.37,0.29,75,90,8,13,32
,Tr3,51,PL,PL51,excess,Exc,inoculated,Inoc,Det,ExcInocDet,Tr3ExcInoc,Tr3ExcInocPL51,100,1,1.570796327,1,0.166666667,0.420534335,16.66666667,0,0,0,127.5,0.77819424,49.5,73.3,72.8,72.3,72.8,0.0484,0.0483,0.0093,100.2564103,32.4,21.67,10.73,7.37,7.003333333,5.235602094,99,107,-7.476635514,141,282,-50,448,489,-8.384458078,3913.8,3665.5,6.773973537,0,19.1,19.8,-3.535353535,1.9,19.6,78.6,5,4.7,6.382978723,6.1,4.266666667,42.96875,118.9,96.46666667,23.25501037,P22-00189,51,3.561,0.25,4.85,0.9,0.36,0.28,68,79,7,12,23
,Tr3,52,PL,PL52,excess,Exc,inoculated,Inoc,Det,ExcInocDet,Tr3ExcInoc,Tr3ExcInocPL52,66.6667,0.666667,0.955316972,3,0.5,0.785398163,50,0,0,0,129.3,0.77819424,50.6,72.8,71.6,71.9,72.1,0.041,0.0389,0.0078,106.7524116,30.08,21.67,8.41,7.04,7.003333333,0.523560209,99,107,-7.476635514,215,282,-23.75886525,524,489,7.157464213,4153.9,3665.5,13.32423953,0,19.9,19.8,0.505050505,2.8,21.9,75.3,4.9,4.7,4.255319149,6.3,4.266666667,47.65625,150.7,96.46666667,56.21976503,P22-00190,52,3.843,0.27,5.37,0.86,0.35,0.25,52,78,7,14,22
,Tr3,53,PL,PL53,excess,Exc,inoculated,Inoc,ND,ExcInocND,Tr3ExcInoc,Tr3ExcInocPL53,80,0.8,1.107148718,0,0,0,0,0,0,0,124.3,0.854186992,51.7,71,72.1,71.4,71.5,0.0503,0.0496,0.009,101.7241379,28.35,21.61,6.74,7.04,7.003333333,0.523560209,106,107,-0.934579439,243,282,-13.82978723,611,489,24.94887526,4724.2,3665.5,28.88282635,0,20.7,19.8,4.545454545,3,24.6,72.4,4.9,4.7,4.255319149,5.8,4.266666667,35.9375,373.2,96.46666667,286.8693849,P22-00191,53,4.419,0.33,5.89,1.01,0.38,0.26,61,79,7,9,25
,Tr3,54,PL,PL54,excess,Exc,inoculated,Inoc,ND,ExcInocND,Tr3ExcInoc,Tr3ExcInocPL54,66.6667,0.666667,0.955316972,0,0,0,0,0,0,0,134.4,0.854186992,56.8,71.4,70.4,70.6,70.8,0.0533,0.0527,0.0091,101.3761468,31.27,21.83,9.44,6.93,7.003333333,-1.047120419,120,107,12.14953271,251,282,-10.9929078,675,489,38.03680982,4699.6,3665.5,28.21170372,0,21.3,19.8,7.575757576,3,26.4,70.5,4.8,4.7,2.127659574,5.5,4.266666667,28.90625,300.1,96.46666667,211.0919143,P22-00192,54,4.36,0.36,5.74,0.83,0.32,0.28,55,91,7,10,29
,Tr3,55,PL,PL55,excess,Exc,inoculated,Inoc,Det,ExcInocDet,Tr3ExcInoc,Tr3ExcInocPL55,80,0.8,1.107148718,2,0.333333333,0.615479709,33.33333333,0,0,0,111.2,0.77819424,44.8,72.6,73.1,71.8,72.5,0.042,0.0401,0.0071,105.7575758,26.62,21.26,5.36,7.56,7.003333333,7.948595907,68,107,-36.44859813,93,282,-67.0212766,499,489,2.044989775,4847.3,3665.5,32.24116764,0,19.4,19.8,-2.02020202,1.2,21.4,77.3,4,4.7,-14.89361702,5.2,4.266666667,21.875,49.9,96.46666667,-48.27228749,P22-00193,55,3.166,0.24,5.19,1.07,0.38,0.23,47,71,7,13,15
,Tr3,56,PL,PL56,excess,Exc,inoculated,Inoc,ND,ExcInocND,Tr3ExcInoc,Tr3ExcInocPL56,60,0.6,0.886077124,0,0,0,0,0,0,0,111.7,0.854186992,56.6,72.7,70,71.8,71.5,0.0444,0.0459,0.0086,95.97855228,27.38,21.81,5.57,7.21,7.003333333,2.950975726,102,107,-4.672897196,203,282,-28.0141844,362,489,-25.97137014,4025.4,3665.5,9.818578639,0,18.5,19.8,-6.565656566,2.8,16.3,80.9,5.8,4.7,23.40425532,6.6,4.266666667,54.6875,219.1,96.46666667,127.1250864,P22-00194,56,3.981,0.35,6.08,0.92,0.32,0.3,70,87,8,11,32
,Tr3,57,PL,PL57,excess,Exc,inoculated,Inoc,Det,ExcInocDet,Tr3ExcInoc,Tr3ExcInocPL57,80,0.8,1.107148718,5,0.833333333,1.150261992,83.33333333,0,0,0,125.2,0.77819424,50.5,71.9,72,72.9,72.26666667,0.0401,0.0408,0.0068,97.94117647,32.21,21.88,10.33,7.22,7.003333333,3.093764874,93,107,-13.08411215,131,282,-53.54609929,546,489,11.65644172,4191.7,3665.5,14.35547674,0,19.9,19.8,0.505050505,1.7,22.9,75.4,4.7,4.7,0,5,4.266666667,17.1875,133.2,96.46666667,38.07878369,P22-00195,57,1.871,0.25,4.74,0.68,0.26,0.19,47,55,4,12,14
,Tr3,58,PL,PL58,excess,Exc,inoculated,Inoc,Det,ExcInocDet,Tr3ExcInoc,Tr3ExcInocPL58,93.3333,0.933333,1.309638248,1,0.166666667,0.420534335,16.66666667,0,0,0,130.4,0.77819424,47.4,71.8,71.3,70.4,71.16666667,0.042,0.025,0.0069,193.9226519,26.5,21.79,4.71,6.91,7.003333333,-1.332698715,100,107,-6.542056075,213,282,-24.46808511,596,489,21.88139059,4387.2,3665.5,19.68899195,0,20.5,19.8,3.535353535,2.7,24.2,73.1,5.9,4.7,25.53191489,5.2,4.266666667,21.875,132.4,96.46666667,37.24948169,P22-00196,58,4.181,0.27,5.67,0.95,0.37,0.26,55,79,7,10,26
,Tr3,59,PL,PL59,excess,Exc,inoculated,Inoc,Det,ExcInocDet,Tr3ExcInoc,Tr3ExcInocPL59,86.6667,0.866667,1.197004642,1,0.166666667,0.420534335,16.66666667,0,0,0,104,0.77819424,40.4,69.8,69.9,71.6,70.43333333,0.0451,0.0434,0.0082,104.8295455,25.31,22.09,3.22,7.04,7.003333333,0.523560209,99,107,-7.476635514,208,282,-26.24113475,627,489,28.2208589,4622.3,3665.5,26.10285091,0,20.8,19.8,5.050505051,2.6,25.2,72.3,5.6,4.7,19.14893617,5.4,4.266666667,26.5625,125.3,96.46666667,29.8894264,P22-00197,59,3.68,0.18,5.39,0.81,0.34,0.23,38,86,5,11,21
,Tr3,60,PL,PL60,excess,Exc,inoculated,Inoc,ND,ExcInocND,Tr3ExcInoc,Tr3ExcInocPL60,66.6667,0.666667,0.955316972,0,0,0,0,0,0,0,120.6,0.854186992,47.3,70.9,71,71.8,71.23333333,0.0456,0.0461,0.0081,98.68421053,26.28,21.64,4.64,7.11,7.003333333,1.523084246,118,107,10.28037383,214,282,-24.11347518,668,489,36.60531697,5106.2,3665.5,39.3043241,0,21.1,19.8,6.565656566,2.6,26.4,71,4.9,4.7,4.255319149,5.6,4.266666667,31.25,164,96.46666667,70.00691085,P22-00198,60,4.364,0.28,5.57,0.89,0.33,0.25,54,82,6,11,27