Round number,Plant#,PlantCode,PlantCode,WaterTrt,WaterCode,MetarhiziumTrt,MetaCode,DetectionCode,TreatmentCode,TrialCode,ObservationCode,SoilBait%,SoilBaitProp,ArcSinSoilBaitProp,Colonization_Root,PropColonization_Root,ArcSinColon_Root,%Colon_Root,Colonization_Leaf,PropColonization_Leaf,%Colonization_Leaf,Height,Chl_content,T1,T2,T3,Temp_avg,Leaf disc FW,TW,DW,RWC_Calc,Bag+Biomass,Bag,Biomass,pH,Phosphorus_ppm,Potassium ppm,Magnesium_ppm,Calcium ppm,Acidity_(meq/100g),CEC (meq/100g),K%_Sat_CEC,Mg% Saturation of CEC,Ca%_Sat_CEC,Zinc_ppm,Copper_ppm,Sulfur ppm,Sample_ID,Customer_ID,PT_N %,PT_P %,PT_K %,PT_Ca %,PT_Mg %,PT_S %,PT_Mn_ppm,PT_Fe_ppm,PT_Cu_ppm,PT_B_ppm,PT_Zn_ppm,,,
Tr1,1,PL,PL1,deficit,Def,uninoculated,Unin,_,DefUnin_,Tr1DefUnin,Tr1DefUninPL1,0,0,0,0,0,0,0,0,0,0,89.5,39.5,83.8,83.8,83.4,83.66666667,0.0471,0.064,0.0091,69.21675774,29.13,22.05,7.08,7.42,68,111,361,2734,0,17,1.7,17.7,80.6,4.9,4.5,19.7,PK21-00627,1-2,1.882,0.11,3.95,0.59,0.25,0.17,87,56,5,12,36,,,
Tr1,2,PL,PL2,deficit,Def,uninoculated,Unin,_,DefUnin_,Tr1DefUnin,Tr1DefUninPL2,0,0,0,0,0,0,0,0,0,0,87.7,42.2,85.3,85.3,83.5,84.7,0.0433,0.0532,0.0088,77.7027027,27.33,22.11,5.22,7.16,70,106,389,2942.4,0,18.2,1.5,17.8,80.7,5.6,4.8,26.3,PK21-00628,2-2,2.595,0.16,4.28,0.90,0.39,0.18,28,72,6,13,27,,,
Tr1,3,PL,PL3,deficit,Def,uninoculated,Unin,_,DefUnin_,Tr1DefUnin,Tr1DefUninPL3,0,0,0,0,0,0,0,0,0,0,76.9,39.9,84.2,83.9,83.2,83.76666667,0.0418,0.0449,0.0074,91.73333333,24.58,21.97,2.61,7.02,67,148,392,2922.9,0,18.3,2.1,17.9,80,4.8,5.3,31.2,PK21-00629,3-2,2.788,0.18,4.87,0.75,0.33,0.19,28,66,6,13,27,,,
Tr1,4,PL,PL4,deficit,Def,uninoculated,Unin,_,DefUnin_,Tr1DefUnin,Tr1DefUninPL4,0,0,0,0,0,0,0,0,0,0,96.5,40.1,82.9,84.5,84.8,84.06666667,0.0463,0.0538,0.0098,82.95454545,28.7,21.93,6.77,7.32,57,109,362,2704.9,0,16.8,1.7,17.9,80.4,3.8,3.5,23.8,PK21-00630,4-2,2.491,0.12,5.13,0.65,0.31,0.18,62,61,6,15,38,,,
Tr1,5,PL,PL5,deficit,Def,uninoculated,Unin,_,DefUnin_,Tr1DefUnin,Tr1DefUninPL5,0,0,0,0,0,0,0,0,0,0,93.7,48.1,84.2,84.9,82.1,83.73333333,0.0454,0.0497,0.0087,89.51219512,27.92,21.28,6.64,7.18,75,122,383,2913.8,0,18.1,1.7,17.7,80.6,5.7,5.1,29.7,PK21-00631,5-2,2.757,0.22,4.17,0.77,0.41,0.20,23,65,7,10,29,,,
Tr1,6,PL,PL6,deficit,Def,uninoculated,Unin,_,DefUnin_,Tr1DefUnin,Tr1DefUninPL6,0,0,0,0,0,0,0,0,0,0,86.9,42.1,82.8,82.2,82.9,82.63333333,0.0428,0.0504,0.0084,81.9047619,28.95,22,6.95,6.91,77,144,526,2911.6,0,19.3,1.9,22.7,75.4,5.7,4.4,37,PK21-00632,6-2,1.539,0.12,3.85,0.62,0.29,0.15,27,50,4,9,23,,,
Tr1,7,PL,PL7,deficit,Def,uninoculated,Unin,_,DefUnin_,Tr1DefUnin,Tr1DefUninPL7,0,0,0,0,0,0,0,0,0,0,95.8,41.8,83.3,84.2,84.2,83.9,0.0479,0.0568,0.01,80.98290598,30.31,21.79,8.52,7.4,65,108,366,2830.5,0,17.5,1.6,17.4,81,4.5,4.9,22.1,PK21-00633,7-2,2.052,0.13,3.99,0.63,0.30,0.17,46,62,5,11,29,,,
Tr1,8,PL,PL8,deficit,Def,uninoculated,Unin,_,DefUnin_,Tr1DefUnin,Tr1DefUninPL8,0,0,0,0,0,0,0,0,0,0,98.8,48.9,81.4,82.7,82.5,82.2,0.0437,0.0517,0.0083,81.56682028,29.6,22.11,7.49,7.37,54,147,377,2970.7,0,18.4,2.1,17.1,80.8,3.8,4.4,29.3,PK21-00634,8-2,2.475,0.13,4.88,0.71,0.30,0.18,85,76,6,14,37,,,
Tr1,9,PL,PL9,deficit,Def,uninoculated,Unin,_,DefUnin_,Tr1DefUnin,Tr1DefUninPL9,0,0,0,0,0,0,0,0,0,0,101.1,42.5,82.5,84.4,83.8,83.56666667,0.0493,0.0567,0.0098,84.2217484,29.53,21.91,7.62,7.21,71,150,356,2779.5,0,17.2,2.2,17.2,80.6,5.6,5,41.6,PK21-00635,9-2,2.565,0.14,4.98,0.69,0.30,0.19,75,68,7,17,39,,,
Tr1,11,PL,PL11,deficit,Def,inoculated,Inoc,ND,DefInocND,Tr1DefInoc,Tr1DefInocPL11,53.33333333,0.533333333,0.818756238,0,0,0,0,0,0,0,81.4,43.3,84.4,84.2,83.3,83.96666667,0.0466,0.0511,0.0102,88.99755501,27.05,21.56,5.49,7.18,65,129,432,3045.6,0,18.9,1.7,19,79.2,5,5.1,31.5,PK21-00636,11-2,2.625,0.20,4.41,0.74,0.36,0.19,23,78,6,12,28,,,
Tr1,12,PL,PL12,deficit,Def,inoculated,Inoc,ND,DefInocND,Tr1DefInoc,Tr1DefInocPL12,73.333,0.73333,1.028153456,0,0,0,0,0,0,0,87.6,39.1,82.9,85.2,83.8,83.96666667,0.0432,0.0516,0.0094,80.09478673,28.3,21.92,6.38,6.77,62,151,518,2763.9,2,20.5,1.9,21,67.3,4.4,4.9,27.3,PK21-00637,12-2,2.072,0.12,4.25,0.67,0.33,0.16,37,63,5,12,31,,,
Tr1,13,PL,PL13,deficit,Def,inoculated,Inoc,Det,DefInocDet,Tr1DefInoc,Tr1DefInocPL13,93.333,0.93333,1.309632234,1,0.166666667,0.420534335,16.66666667,0,0,0,86.6,46,82.8,84.2,84.1,83.7,0.0409,0.0419,0.0081,97.04142012,26.08,22.11,3.97,7.02,59,137,405,3024.9,0,18.7,1.9,18,80.1,6.5,5,38.2,PK21-00638,13-2,3.076,0.21,4.72,0.79,0.37,0.20,24,98,7,13,27,,,
Tr1,14,PL,PL14,deficit,Def,inoculated,Inoc,ND,DefInocND,Tr1DefInoc,Tr1DefInocPL14,73.333,0.73333,1.028153456,0,0,0,0,0,0,0,99.5,38.2,82.8,84.1,84.8,83.9,0.0451,0.0506,0.0092,86.71497585,29.93,22.23,7.7,7.23,60,170,401,2921.4,0,18.4,2.4,18.2,79.5,4.1,4.2,38.9,PK21-00639,14-2,2.425,0.13,5.00,0.64,0.32,0.18,75,70,7,16,40,,,
Tr1,15,PL,PL15,deficit,Def,inoculated,Inoc,Det,DefInocDet,Tr1DefInoc,Tr1DefInocPL15,100,1,1.570796327,2,0.333333333,0.615479709,33.33333333,0,0,0,95.9,42.3,84.5,84.5,83.2,84.06666667,0.0478,0.0581,0.011,78.13163482,30.41,22.45,7.96,7.12,65,141,457,2981,0,19.1,1.9,20,78.1,4.9,5,41.3,PK21-00640,15-2,1.456,0.12,3.96,0.58,0.24,0.14,50,46,4,10,22,,,
Tr1,16,PL,PL16,deficit,Def,inoculated,Inoc,Det,DefInocDet,Tr1DefInoc,Tr1DefInocPL16,93.333,0.93333,1.309632234,6,1,1.570796327,100,0,0,0,99,41.9,83.5,83.8,82.4,83.23333333,0.0468,0.0565,0.0101,79.09482759,29.28,22.55,6.73,7.21,63,111,378,2961.3,0,18.2,1.6,17.3,81.2,4.6,4.6,29.2,PK21-00641,16-2,2.324,0.11,4.06,0.65,0.32,0.17,54,68,6,13,34,,,
Tr1,17,PL,PL17,deficit,Def,inoculated,Inoc,ND,DefInocND,Tr1DefInoc,Tr1DefInocPL17,80,0.8,1.107148718,0,0,0,0,0,0,0,92.3,38.6,83.3,84.1,82.7,83.36666667,0.0521,0.0642,0.0088,78.15884477,29.6,22.49,7.11,7.12,61,144,442,2994.3,0,19,1.9,19.4,78.7,4.6,4.4,40.1,PK21-00642,17-2,2.359,0.11,4.32,0.64,0.31,0.18,78,68,6,14,45,,,
Tr1,18,PL,PL18,deficit,Def,inoculated,Inoc,ND,DefInocND,Tr1DefInoc,Tr1DefInocPL18,100,1,1.570796327,0,0,0,0,0,0,0,93.5,44.3,82.4,82.3,82.7,82.46666667,0.0456,0.0458,0.0085,99.46380697,28.78,22.42,6.36,6.91,52,147,391,2858.5,0,17.9,2.1,18.2,79.7,3.7,4.2,40.3,PK21-00643,18-2,2.444,0.14,4.63,0.76,0.32,0.18,55,65,7,13,22,,,
Tr1,19,PL,PL19,deficit,Def,inoculated,Inoc,Det,DefInocDet,Tr1DefInoc,Tr1DefInocPL19,93.333,0.93333,1.309632234,3,0.5,0.785398163,50,0,0,0,105.5,38.1,82.1,83.1,82.6,82.6,0.0478,0.048,0.0088,99.48979592,28.61,22.2,6.41,7.27,48,96,546,3506.3,0,19.8,1.2,23,75.8,4,3.4,32.1,PK21-00644,19-2,1.381,0.13,3.88,0.61,0.29,0.14,64,51,4,11,19,,,
Tr1,21,PL,PL21,adequate,Ade,uninoculated,Unin,_,AdeUnin_,Tr1AdeUnin,Tr1AdeUninPL21,0,0,0,0,0,0,0,0,0,0,104.1,44,84.1,83.8,83.1,83.66666667,0.0549,0.0592,0.0086,91.50197628,30.36,21.77,8.59,7.18,65,115,502,2738.9,0,18.2,1.6,23,75.4,5.4,5.4,40.7,PK21-00645,21-2,2.049,0.34,4.79,0.65,0.33,0.20,35,67,6,9,26,,,
Tr1,22,PL,PL22,adequate,Ade,uninoculated,Unin,_,AdeUnin_,Tr1AdeUnin,Tr1AdeUninPL22,0,0,0,0,0,0,0,0,0,0,118.1,45.3,82.1,82.5,83.8,82.8,0.0478,0.0533,0.0103,87.20930233,32.85,22.32,10.53,7.62,72,87,376,2875.4,0,17.7,1.3,17.7,81.1,5.1,4.8,20,PK21-00646,22-2,2.503,0.28,3.37,0.80,0.45,0.19,22,77,6,10,20,,,
Tr1,23,PL,PL23,adequate,Ade,uninoculated,Unin,_,AdeUnin_,Tr1AdeUnin,Tr1AdeUninPL23,0,0,0,0,0,0,0,0,0,0,125.1,43.9,82.5,82.1,83.5,82.7,0.0499,0.0523,0.0096,94.3793911,33.54,22.19,11.35,7.5,65,89,448,2937.7,0,18.7,1.2,20,78.8,17.9,5,25.2,PK21-00647,23-2,1.699,0.27,3.74,0.66,0.37,0.16,26,60,5,9,30,,,
Tr1,24,PL,PL24,adequate,Ade,uninoculated,Unin,_,AdeUnin_,Tr1AdeUnin,Tr1AdeUninPL24,0,0,0,0,0,0,0,0,0,0,129,38.7,83.8,83.5,84.1,83.8,0.0567,0.0571,0.0101,99.14893617,33.5,22.21,11.29,7.33,46,53,484,2489.7,0,16.6,0.8,24.3,74.9,3.2,4.5,18.7,PK21-00648,24-2,1.184,0.22,3.63,0.49,0.25,0.12,40,41,5,10,18,,,
Tr1,25,PL,PL25,adequate,Ade,uninoculated,Unin,_,AdeUnin_,Tr1AdeUnin,Tr1AdeUninPL25,0,0,0,0,0,0,0,0,0,0,122.1,45.6,83.1,84.4,82.9,83.46666667,0.0479,0.0496,0.0096,95.75,34.43,22.16,12.27,7.16,62,115,484,2751.1,0,18.1,1.6,22.3,76.1,4.6,5.1,41.1,PK21-00649,25-2,2.510,0.29,4.33,0.76,0.40,0.20,42,60,7,12,26,,,
Tr1,26,PL,PL26,adequate,Ade,uninoculated,Unin,_,AdeUnin_,Tr1AdeUnin,Tr1AdeUninPL26,13.333,0.13333,0.373787272,0,0,0,0,0,0,0,117.5,44.5,81.8,82.5,82.1,82.13333333,0.0478,0.0496,0.0096,95.5,33.65,22.22,11.43,7.53,64,95,415,2888.4,0,18.1,1.3,19.1,79.6,4.5,5.1,28.7,PK21-00650,26-2,2.074,0.23,4.04,0.78,0.35,0.17,46,64,6,12,18,,,
Tr1,27,PL,PL27,adequate,Ade,uninoculated,Unin,_,AdeUnin_,Tr1AdeUnin,Tr1AdeUninPL27,0,0,0,0,0,0,0,0,0,0,115.8,49.5,81.9,81.9,82.1,81.96666667,0.0483,0.0506,0.009,94.47115385,33.48,22.3,11.18,7.46,69,92,503,2991.3,0,19.4,1.2,21.6,77.2,4.8,4.9,26.5,PK21-00651,27-2,1.522,0.26,4.04,0.70,0.30,0.15,47,52,5,10,16,,,
Tr1,28,PL,PL28,adequate,Ade,uninoculated,Unin,_,AdeUnin_,Tr1AdeUnin,Tr1AdeUninPL28,0,0,0,0,0,0,0,0,0,0,118.4,42.6,81.3,82.4,82.1,81.93333333,0.0522,0.0551,0.0101,93.55555556,34.99,21.94,13.05,7.49,85,93,457,2937.4,0,18.7,1.3,20.3,78.4,12.7,5.2,24.5,PK21-00652,28-2,1.660,0.21,3.79,0.69,0.32,0.15,63,59,6,12,18,,,
Tr1,29,PL,PL29,adequate,Ade,uninoculated,Unin,_,AdeUnin_,Tr1AdeUnin,Tr1AdeUninPL29,13.333,0.13333,0.373787272,0,0,0,0,0,0,0,132.3,46.5,81.9,81.7,81.6,81.73333333,0.0438,0.0466,0.009,92.55319149,34.31,22.18,12.13,6.76,56,140,415,2930.4,2,20.5,1.8,16.9,71.6,4.1,3.8,30.1,PK21-00653,29-2,2.405,0.24,4.31,0.90,0.36,0.21,54,79,7,13,22,,,
Tr1,31,PL,PL31,adequate,Ade,inoculated,Inoc,Det,AdeInocDet,Tr1AdeInoc,Tr1AdeInocPL31,86.667,0.86667,1.197009055,1,0.166666667,0.420534335,16.66666667,0,0,0,125.8,41.9,82.7,83.3,83.4,83.13333333,0.0535,0.0548,0.0113,97.01149425,39.3,20.14,19.16,7.5,62,94,422,2959.8,0,18.6,1.3,19,79.8,4.6,4.2,36.1,PK21-00654,31-2,1.413,0.18,3.10,0.57,0.30,0.13,54,44,5,10,20,,,
Tr1,32,PL,PL32,adequate,Ade,inoculated,Inoc,ND,AdeInocND,Tr1AdeInoc,Tr1AdeInocPL32,46.667,0.46667,0.75204343,0,0,0,0,0,0,0,115.8,43.3,82.6,83.2,84.4,83.4,0.0471,0.0495,0.01,93.92405063,34.2,22.18,12.02,7.24,63,109,393,2807.5,0,17.6,1.6,18.6,79.8,5.1,5.1,26.9,PK21-00655,32-2,2.620,0.30,3.31,0.69,0.40,0.19,27,75,6,9,22,,,
Tr1,33,PL,PL33,adequate,Ade,inoculated,Inoc,ND,AdeInocND,Tr1AdeInoc,Tr1AdeInocPL33,26.667,0.26667,0.542642871,0,0,0,0,0,0,0,119.6,50.1,82.7,83.4,83.2,83.1,0.0471,0.0494,0.0088,94.33497537,29.74,22.25,7.49,7.42,71,94,428,3014.7,0,18.8,1.3,19,79.8,5.3,5.3,36.3,PK21-00656,33-2,2.375,0.36,4.21,0.72,0.38,0.20,24,71,6,10,23,,,
Tr1,34,PL,PL34,adequate,Ade,inoculated,Inoc,Det,AdeInocDet,Tr1AdeInoc,Tr1AdeInocPL34,86.667,0.86667,1.197009055,2,0.333333333,0.615479709,33.33333333,0,0,0,126.9,37.5,82.9,83.5,82.7,83.03333333,0.0526,0.0568,0.011,90.82969432,37.25,22.25,15,7.38,45,71,429,2776.9,0,17.6,1,20.3,78.7,3.2,5.1,26.2,PK21-00657,34-2,1.129,0.19,3.24,0.55,0.27,0.10,61,52,4,10,15,,,
Tr1,35,PL,PL35,adequate,Ade,inoculated,Inoc,Det,AdeInocDet,Tr1AdeInoc,Tr1AdeInocPL35,86.667,0.86667,1.197009055,5,0.833333333,1.150261992,83.33333333,0,0,0,119.2,42,82.9,82.8,84.2,83.3,0.0419,0.0434,0.0097,95.54896142,35.9,22.27,13.63,7.45,57,87,443,2883,0,18.3,1.2,20.1,78.6,4.1,5.3,32.7,PK21-00658,35-2,2.012,0.19,3.42,0.72,0.37,0.16,46,63,6,10,14,,,
Tr1,36,PL,PL36,adequate,Ade,inoculated,Inoc,Det,AdeInocDet,Tr1AdeInoc,Tr1AdeInocPL36,6.667,0.06667,0.261164092,3,0.5,0.785398163,50,0,0,0,113.3,40.1,82.4,83.9,83.8,83.36666667,0.0516,0.0551,0.0101,92.22222222,34.24,22.39,11.85,7.08,76,87,505,2808.7,0,18.5,1.2,22.8,76,5.4,4.2,29.2,PK21-00659,36-2,1.246,0.23,3.53,0.55,0.29,0.11,28,51,4,9,17,,,
Tr1,37,PL,PL37,adequate,Ade,inoculated,Inoc,ND,AdeInocND,Tr1AdeInoc,Tr1AdeInocPL37,60,0.6,0.886077124,0,0,0,0,0,0,0,114.4,45.8,81.1,82.1,83.4,82.2,0.0504,0.0535,0.0093,92.98642534,32.66,22.16,10.5,7.58,59,70,399,2928.4,0,18.1,1,18.3,80.7,4.4,5,26.1,PK21-00660,37-2,2.152,0.23,3.94,0.89,0.35,0.20,53,78,6,11,18,,,
Tr1,38,PL,PL38,adequate,Ade,inoculated,Inoc,Det,AdeInocDet,Tr1AdeInoc,Tr1AdeInocPL38,60,0.6,0.886077124,5,0.833333333,1.150261992,83.33333333,0,0,0,120.2,42.9,84.1,81.7,81.5,82.43333333,0.0518,0.0559,0.0098,91.10629067,29.73,22.36,7.37,7.37,45,82,402,2876.8,0,17.9,1.2,18.7,80.2,3.2,5.1,39.9,PK21-00661,38-2,1.866,0.20,3.79,0.71,0.31,0.15,67,57,6,10,15,,,
Tr1,39,PL,PL39,adequate,Ade,inoculated,Inoc,Det,AdeInocDet,Tr1AdeInoc,Tr1AdeInocPL39,60,0.6,0.886077124,2,0.333333333,0.615479709,33.33333333,1,0.166666667,16.66666667,131.6,49.1,82.3,82.8,82.4,82.5,0.0463,0.0488,0.0109,93.40369393,35.46,22.22,13.24,7.54,67,89,362,2700.8,0,16.7,1.4,18,80.6,5,4.7,19.9,PK21-00662,39-2,2.692,0.31,3.92,0.71,0.41,0.21,37,73,7,10,25,,,
Tr1,41,PL,PL41,excess,Exc,uninoculated,Unin,_,ExcUnin_,Tr1ExcUnin,Tr1ExcUninPL41,0,0,0,0,0,0,0,0,0,0,119,48.5,82.2,84.8,83.8,83.6,0.0474,0.0525,0.0089,88.30275229,33.82,23.07,10.75,7.35,50,62,455,3114.7,0,19,0.8,20,79.2,3.9,4.1,110.4,PK21-00663,41-2,2.484,0.32,4.49,0.70,0.33,0.23,60,65,7,11,27,,,
Tr1,42,PL,PL42,excess,Exc,uninoculated,Unin,_,ExcUnin_,Tr1ExcUnin,Tr1ExcUninPL42,33.33,0.3333,0.615444353,0,0,0,0,0,0,0,119.2,43.6,82.7,83.3,81.8,82.6,0.05,0.0556,0.0093,87.9049676,31.67,22.19,9.48,7.33,60,65,485,3247.6,0,19.2,0.9,21,78.1,4.3,4.5,115.6,PK21-00664,42-2,2.066,0.36,4.31,0.71,0.44,0.20,44,67,7,11,22,,,
Tr1,43,PL,PL43,excess,Exc,uninoculated,Unin,_,ExcUnin_,Tr1ExcUnin,Tr1ExcUninPL43,0,0,0,0,0,0,0,0,0,0,118.9,42.6,82.5,82.1,83.5,82.7,0.0448,0.0489,0.0094,89.62025316,33.07,22.1,10.97,7.49,69,44,487,3486.1,0,19.2,0.6,21.2,78.2,6.1,4.8,91.6,PK21-00665,43-2,1.582,0.23,3.48,0.62,0.33,0.13,39,44,4,11,13,,,
Tr1,44,PL,PL44,excess,Exc,uninoculated,Unin,_,ExcUnin_,Tr1ExcUnin,Tr1ExcUninPL44,40,0.4,0.684719203,0,0,0,0,0,0,0,141.2,40.7,82.5,83.8,82.8,83.03333333,0.0496,0.055,0.0097,88.0794702,40.35,27.23,13.12,7.58,61,27,429,3020.4,0,18.6,0.4,19.2,80.5,4.6,4,50.1,PK21-00666,44-2,1.316,0.21,2.93,0.57,0.37,0.12,56,41,5,15,14,,,
Tr1,45,PL,PL45,excess,Exc,uninoculated,Unin,_,ExcUnin_,Tr1ExcUnin,Tr1ExcUninPL45,0,0,0,0,0,0,0,0,0,0,122.2,41.9,83.4,84.1,84.3,83.93333333,0.0454,0.0477,0.0085,94.13265306,35.24,22.23,13.01,7.42,39,41,432,2987.8,0,18.6,0.6,19.3,80.1,2.6,4.7,100.4,PK21-00667,45-2,1.875,0.19,3.58,0.72,0.42,0.16,66,56,6,16,12,,,
Tr1,46,PL,PL46,excess,Exc,uninoculated,Unin,_,ExcUnin_,Tr1ExcUnin,Tr1ExcUninPL46,0,0,0,1,0.166666667,0.420534335,16.66666667,0,0,0,136.1,33.9,83.2,82.3,85.2,83.56666667,0.0533,0.057,0.0122,91.74107143,44.78,22.24,22.54,7.19,53,30,501,2938.2,0,18.9,0.4,22,77.6,4,4.4,83.9,PK21-00668,46-2,0.896,0.18,2.30,0.50,0.31,0.09,57,41,3,12,10,,,
Tr1,47,PL,PL47,excess,Exc,uninoculated,Unin,_,ExcUnin_,Tr1ExcUnin,Tr1ExcUninPL47,0,0,0,0,0,0,0,0,0,0,112.9,41.2,80.4,82.7,81.9,81.66666667,0.0468,0.0484,0.0083,96.00997506,32.1,22.22,9.88,7.41,61,59,498,3205.1,0,19.3,0.8,21.5,77.7,4.5,4.4,119.9,PK21-00669,47-2,1.485,0.25,4.49,0.71,0.34,0.15,74,49,5,13,15,,,
Tr1,48,PL,PL48,excess,Exc,uninoculated,Unin,_,ExcUnin_,Tr1ExcUnin,Tr1ExcUninPL48,20,0.2,0.463647609,1,0.166666667,0.420534335,16.66666667,0,0,0,140.7,41.2,81.9,83.8,83.3,83,0.0485,0.0538,0.0098,87.95454545,40.07,22.37,17.7,7.41,60,70,504,3001.3,0,19.4,0.9,21.7,77.4,4.2,4.4,81.9,PK21-00670,48-2,1.496,0.20,3.30,0.52,0.31,0.13,48,47,4,11,14,,,
Tr1,49,PL,PL49,excess,Exc,uninoculated,Unin,_,ExcUnin_,Tr1ExcUnin,Tr1ExcUninPL49,13.33,0.1333,0.373743143,0,0,0,0,0,0,0,129.2,36.5,81.7,82.8,81.6,82.03333333,0.0505,0.0513,0.009,98.10874704,37.25,20.53,16.72,7.08,49,38,580,3002.9,0,19.9,0.5,24.3,75.3,3.5,4.5,67.3,PK21-00671,49-2,1.189,0.23,3.84,0.53,0.30,0.12,68,89,4,12,12,,,
Tr1,51,PL,PL51,excess,Exc,inoculated,Inoc,ND,ExcInocND,Tr1ExcInoc,Tr1ExcInocPL51,86.667,0.86667,1.197009055,0,0,0,0,0,0,0,105.4,42.1,83.3,83.9,83.9,83.7,0.0509,0.0533,0.0093,94.54545455,31.19,22.37,8.82,7.38,56,64,378,2926.4,0,17.9,0.9,17.6,81.5,4.2,4,69.1,PK21-00672,51-2,2.370,0.33,3.86,0.61,0.37,0.18,38,63,6,8,16,,,
Tr1,52,PL,PL52,excess,Exc,inoculated,Inoc,ND,ExcInocND,Tr1ExcInoc,Tr1ExcInocPL52,66.667,0.66667,0.955320154,0,0,0,0,0,0,0,122.6,39.8,80.6,80.7,83.3,81.53333333,0.0495,0.0536,0.0095,90.70294785,32.7,22.1,10.6,7.31,61,70,466,3035.3,0,19.1,0.9,20.4,78.7,4.9,4.8,66.2,PK21-00673,52-2,1.594,0.25,3.69,0.46,0.31,0.13,28,54,4,10,18,,,
Tr1,53,PL,PL53,excess,Exc,inoculated,Inoc,Det,ExcInocDet,Tr1ExcInoc,Tr1ExcInocPL53,33.333,0.33333,0.615476173,2,0.333333333,0.615479709,33.33333333,0,0,0,122.5,40,82.8,82.2,84.4,83.13333333,0.0487,0.0533,0.0103,89.30232558,35.32,22.32,13,7.49,67,44,400,2961.8,0,18.3,0.6,18.3,81.1,4.6,4.2,62.2,PK21-00674,53-2,1.823,0.23,3.26,0.61,0.35,0.14,35,48,5,11,12,,,
Tr1,54,PL,PL54,excess,Exc,inoculated,Inoc,ND,ExcInocND,Tr1ExcInoc,Tr1ExcInocPL54,73.333,0.73333,1.028153456,0,0,0,0,0,0,0,118.6,41.5,83.5,82.8,83.1,83.13333333,0.0539,0.0586,0.0104,90.24896266,33.4,22.14,11.26,7.45,70,55,446,3288.9,0,18.9,0.7,19.7,79.5,5.4,5.2,92.3,PK21-00675,54-2,1.962,0.31,3.87,0.58,0.38,0.16,37,60,6,10,19,,,
Tr1,55,PL,PL55,excess,Exc,inoculated,Inoc,ND,ExcInocND,Tr1ExcInoc,Tr1ExcInocPL55,60,0.6,0.886077124,0,0,0,0,0,0,0,122.1,42.1,82.1,82.7,82.7,82.5,0.0471,0.0505,0.0092,91.76755448,35.08,22.13,12.95,7.41,63,57,491,3327.1,0,19.2,0.8,21.3,78,4.6,4.3,109.5,PK21-00676,55-2,2.234,0.29,3.72,0.65,0.38,0.17,46,61,5,10,15,,,
Tr1,56,PL,PL56,excess,Exc,inoculated,Inoc,ND,ExcInocND,Tr1ExcInoc,Tr1ExcInocPL56,80,0.8,1.107148718,0,0,0,0,0,0,0,119,35.1,83.1,83.9,84.6,83.86666667,0.0591,0.0613,0.0112,95.60878244,37.51,22.31,15.2,7.41,60,30,473,3092.2,0,19,0.4,20.7,78.9,4.4,3.7,72.4,PK21-00677,56-2,0.927,0.22,2.86,0.58,0.31,0.10,52,29,3,9,9,,,
Tr1,57,PL,PL57,excess,Exc,inoculated,Inoc,ND,ExcInocND,Tr1ExcInoc,Tr1ExcInocPL57,66.67,0.6667,0.955351974,0,0,0,0,0,0,0,114.8,33.8,81.9,81.7,82.5,82.03333333,0.0483,0.0527,0.0099,89.71962617,35.53,22.18,13.35,7.32,73,52,469,2999.3,0,19,0.7,20.5,78.8,5.1,4.4,53.5,PK21-00678,57-2,1.103,0.24,3.59,0.57,0.28,0.12,51,35,3,8,11,,,
Tr1,58,PL,PL58,excess,Exc,inoculated,Inoc,Det,ExcInocDet,Tr1ExcInoc,Tr1ExcInocPL58,46.667,0.46667,0.75204343,4,0.666666667,0.955316618,66.66666667,0,0,0,124.2,37.9,82.2,82.8,83.3,82.76666667,0.0526,0.0568,0.01,91.02564103,37.92,22.47,15.45,7.41,41,25,501,3286.1,0,19.2,0.3,21.7,78,3.7,3.1,54.3,PK21-00679,58-2,0.985,0.17,2.97,0.46,0.26,0.09,50,35,3,9,9,,,
Tr1,59,PL,PL59,excess,Exc,inoculated,Inoc,ND,ExcInocND,Tr1ExcInoc,Tr1ExcInocPL59,26.667,0.26667,0.542642871,0,0,0,0,0,0,0,118,41.9,81.1,82.4,82.5,82,0.0452,0.0478,0.0087,93.35038363,32.3,20.52,11.78,7.45,50,54,319,2764.9,0,16.6,0.8,16,83.2,3.6,4.1,30.6,PK21-00680,59-2,1.672,0.27,3.40,0.47,0.32,0.15,34,55,5,7,16,,Na,Al
Tr2,1,PL,PL1,deficit,Def,uninoculated,Unin,_,DefUnin_,Tr2DefUnin,Tr2DefUninPL1,0,0,0,0,0,0,0,0,0,0,95.5,40.6,81.7,82.8,83.5,82.66666667,0.0434,0.058,0.0095,69.89690722,30.14,22.18,7.96,6.85,91,137,455,3134.8,0,19.1,1.8,19.8,78.4,5.1,6.2,41.4,P22-00091,1,2.62,0.14,4.75,0.78,0.39,0.18,79,67,6,11,44,,13,6
Tr2,2,PL,PL2,deficit,Def,uninoculated,Unin,_,DefUnin_,Tr2DefUnin,Tr2DefUninPL2,0,0,0,0,0,0,0,0,0,0,101,34.3,83.2,80,84.1,82.43333333,0.0343,0.0449,0.0076,71.58176944,31.63,22.12,9.51,6.71,81,136,487,3102.4,2,21.4,1.6,19,70.1,4.7,5.2,45,P22-00092,2,2.473,0.16,4.91,0.74,0.33,0.2,83,65,7,13,42,,10,6
Tr2,3,PL,PL3,deficit,Def,uninoculated,Unin,_,DefUnin_,Tr2DefUnin,Tr2DefUninPL3,0,0,0,0,0,0,0,0,0,0,113,34.4,83.1,83.3,83.9,83.43333333,0.0034,0.0457,0.0068,-8.740359897,32.05,21.6,10.45,7.35,105,111,308,3096.8,0,17.9,1.6,14.4,84,6,6.4,35.2,P22-00093,3,3.004,0.15,4.66,0.96,0.42,0.2,57,64,8,10,38,,15,6
Tr2,4,PL,PL4,deficit,Def,uninoculated,Unin,_,DefUnin_,Tr2DefUnin,Tr2DefUninPL4,0,0,0,0,0,0,0,0,0,0,105,46.8,81.4,80.1,80.4,80.63333333,0.0414,0.0576,0.0089,66.73511294,30.91,22.2,8.71,6.73,75,102,490,3124.3,2,21.3,1.2,19.1,70.3,3.9,4.7,28.7,P22-00094,4,2.89,0.16,5.16,0.78,0.37,0.21,89,70,7,10,48,,6,6
Tr2,5,PL,PL5,deficit,Def,uninoculated,Unin,_,DefUnin_,Tr2DefUnin,Tr2DefUninPL5,0,0,0,0,0,0,0,0,0,0,101,41,78.1,80,78.9,79,0.0458,0.0603,0.0089,71.78988327,31.34,21.99,9.35,7.02,78,127,489,3231.9,0,19.4,1.7,21,77.3,4.1,4.8,33.8,P22-00095,5,2.133,0.16,4.99,0.79,0.36,0.18,81,57,6,10,34,,8,5
Tr2,6,PL,PL6,deficit,Def,uninoculated,Unin,_,DefUnin_,Tr2DefUnin,Tr2DefUninPL6,0,0,0,0,0,0,0,0,0,0,103,42.5,79.4,78.4,79.7,79.16666667,0.0322,0.046,0.0078,63.87434555,32.96,22.2,10.76,7.16,81,110,414,3792.3,0,18.7,1.5,18.4,80.1,4.4,4.6,41.3,P22-00096,6,2.421,0.15,4.37,0.81,0.44,0.18,67,67,6,12,40,,19,7
Tr2,7,PL,PL7,deficit,Def,uninoculated,Unin,_,DefUnin_,Tr2DefUnin,Tr2DefUninPL7,0,0,0,0,0,0,0,0,0,0,112,30.4,76.4,85.6,82.7,81.56666667,0.0355,0.0487,0.0066,68.64608076,32.92,22.05,10.87,6.79,68,89,555,3397.5,2,21.9,1,21.2,68.6,3.8,4.2,35.2,P22-00097,7,1.793,0.16,4.24,0.74,0.36,0.2,112,74,5,12,30,,17,20
Tr2,8,PL,PL8,deficit,Def,uninoculated,Unin,_,DefUnin_,Tr2DefUnin,Tr2DefUninPL8,0,0,0,0,0,0,0,0,0,0,105,29.9,79.3,81.8,80.6,80.56666667,0.0331,0.0478,0.007,63.97058824,32.16,22.21,9.95,7.19,75,104,478,4001.6,0,19.3,1.4,20.7,77.9,6,4.6,46.5,P22-00098,8,2.54,0.15,4.49,0.94,0.44,0.19,92,73,7,14,46,,8,7
Tr2,11,PL,PL11,deficit,Def,inoculated,Inoc,ND,DefInocND,Tr2DefInoc,Tr2DefInocPL11,0,0,0,0,0,0,0,0,0,0,100,17.8,85.8,86.8,84.3,85.63333333,0.0422,0.0573,0.0097,68.27731092,31.19,22.37,8.82,7.17,97,115,424,3981.4,0,18.8,1.6,18.8,79.7,5.5,5.2,48.2,P22-00099,11,2.41,0.13,3.8,0.86,0.36,0.17,64,67,6,12,36,,8,5
Tr2,12,PL,PL12,deficit,Def,inoculated,Inoc,Det,DefInocDet,Tr2DefInoc,Tr2DefInocPL12,21.4286,0.214286,0.481275722,2,0.333333333,0.615479709,33.33333333,0,0,0,107,26,83.3,84.3,82.6,83.4,0.0471,0.0621,0.0098,71.31931166,33.24,22.28,10.96,7.28,89,84,425,3936.1,0,18.8,1.1,18.9,80,4.6,5.4,37.6,P22-00100,12,2.313,0.13,3.68,0.85,0.45,0.17,55,61,6,11,30,,7,5
Tr2,13,PL,PL13,deficit,Def,inoculated,Inoc,Det,DefInocDet,Tr2DefInoc,Tr2DefInocPL13,0,0,0,2,0.333333333,0.615479709,33.33333333,0,0,0,121,46.2,81.1,80.8,83.1,81.66666667,0.0406,0.053,0.0081,72.3830735,33.32,22.37,10.95,7.42,94,82,366,3568.5,0,18.3,1.2,16.7,82.1,5.2,5.4,31.8,P22-00101,13,2.555,0.12,3.9,0.9,0.5,0.17,80,63,7,11,34,,7,4
Tr2,14,PL,PL14,deficit,Def,inoculated,Inoc,Det,DefInocDet,Tr2DefInoc,Tr2DefInocPL14,0,0,0,6,1,1.570796327,100,0,0,0,113,46.1,79.1,79.3,79.1,79.16666667,0.0476,0.0647,0.0092,69.18918919,33.08,22.22,10.86,7.27,94,118,462,3442.9,0,19.2,1.6,20.1,78.3,4.9,5.4,36.9,P22-00102,14,1.93,0.14,4.02,0.7,0.37,0.16,76,65,7,9,31,,12,9
Tr2,15,PL,PL15,deficit,Def,inoculated,Inoc,ND,DefInocND,Tr2DefInoc,Tr2DefInocPL15,0,0,0,0,0,0,0,0,0,0,105,35.6,82.4,81.7,82.8,82.3,0.0395,0.054,0.0089,67.84922395,32.72,22.26,10.46,7.26,94,90,402,3865.9,0,18.6,1.2,18,80.7,5.2,5,40.5,P22-00103,15,2.408,0.12,3.76,0.89,0.44,0.16,73,64,6,10,34,,8,6
Tr2,16,PL,PL16,deficit,Def,inoculated,Inoc,Det,DefInocDet,Tr2DefInoc,Tr2DefInocPL16,20,0.2,0.463647609,1,0.166666667,0.420534335,16.66666667,0,0,0,105,26.9,77.2,80.4,78.4,78.66666667,0.0403,0.0606,0.0083,61.18546845,31.7,22.34,9.36,7.15,70,88,494,3510,0,19.3,1.2,21.3,77.6,3.7,3.7,25.3,P22-00104,16,2.271,0.12,4,0.78,0.44,0.15,115,59,6,11,34,,9,5
Tr2,17,PL,PL17,deficit,Def,inoculated,Inoc,Det,DefInocDet,Tr2DefInoc,Tr2DefInocPL17,0,0,0,2,0.333333333,0.615479709,33.33333333,0,0,0,104.5,42,77.6,82.9,79.3,79.93333333,0.0397,0.0557,0.0091,65.66523605,31.21,22.23,8.98,7.31,73,87,429,3866.4,0,18.8,1.2,19,79.8,4,4.4,48.3,P22-00105,17,2.303,0.13,3.81,0.86,0.45,0.17,80,69,6,10,26,,12,8
Tr2,18,PL,PL18,deficit,Def,inoculated,Inoc,ND,DefInocND,Tr2DefInoc,Tr2DefInocPL18,0,0,0,0,0,0,0,0,0,0,113,48.4,77.2,78.8,77.4,77.8,0.0408,0.0553,0.0084,69.08315565,33.38,22.37,11.01,7.15,83,97,443,3232,0,18.9,1.3,19.5,79.2,4.2,4.9,29.5,P22-00106,18,2.24,0.14,4.02,0.75,0.39,0.16,120,64,6,11,31,,13,19
Tr2,21,PL,PL21,adequate,Ade,uninoculated,Unin,_,AdeUnin_,Tr2AdeUnin,Tr2AdeUninPL21,0,0,0,0,0,0,0,0,0,0,124,41.2,81.7,81.9,87.2,83.6,0.0427,0.0495,0.0074,83.847981,41.13,22.52,18.61,7.41,94,87,471,3598.4,0,19.1,1.2,20.5,78.3,20.2,5.5,49.5,P22-00107,21,1.506,0.17,3.61,0.7,0.41,0.14,54,54,5,11,24,,9,11
Tr2,22,PL,PL22,adequate,Ade,uninoculated,Unin,_,AdeUnin_,Tr2AdeUnin,Tr2AdeUninPL22,0,0,0,0,0,0,0,0,0,0,125,43.6,80.8,81.3,80.3,80.8,0.045,0.0522,0.0077,83.82022472,43.78,22.38,21.4,7.53,90,60,408,3505.8,0,18.6,0.8,18.3,80.8,4.8,5.7,30.6,P22-00108,22,1.587,0.14,2.78,0.93,0.48,0.14,39,55,5,10,17,,11,9
Tr2,23,PL,PL23,adequate,Ade,uninoculated,Unin,_,AdeUnin_,Tr2AdeUnin,Tr2AdeUninPL23,0,0,0,0,0,0,0,0,0,0,154,49,81.5,81.9,82.3,81.9,0.0401,0.0435,0.0066,90.78590786,41.11,20.78,20.33,7.58,74,46,368,3189.2,0,18.2,0.6,16.9,82.5,3.8,4.6,25.9,P22-00109,23,2.048,0.18,3.62,0.94,0.51,0.17,45,90,7,11,19,,16,25
Tr2,24,PL,PL24,adequate,Ade,uninoculated,Unin,_,AdeUnin_,Tr2AdeUnin,Tr2AdeUninPL24,0,0,0,0,0,0,0,0,0,0,116,46.6,77.8,79.1,79.8,78.9,0.0462,0.0524,0.0077,86.12975391,27.48,21.54,5.94,7.25,87,73,423,3018.6,0,18.7,1,18.8,80.2,8.6,4.8,21.9,P22-00110,24,2.558,0.33,6.97,0.98,0.46,0.3,95,88,9,12,37,,27,12
Tr2,25,PL,PL25,adequate,Ade,uninoculated,Unin,_,AdeUnin_,Tr2AdeUnin,Tr2AdeUninPL25,0,0,0,0,0,0,0,0,0,0,131,30.4,77.4,79.4,80.4,79.06666667,0.0494,0.058,0.0087,82.55578093,45.61,22.46,23.15,6.98,60,35,515,3256.3,0,19.4,0.5,22.1,77.4,3.4,3.6,21.4,P22-00111,25,1.065,0.14,2.38,0.65,0.39,0.11,53,53,4,11,16,,10,16
Tr2,26,PL,PL26,adequate,Ade,uninoculated,Unin,_,AdeUnin_,Tr2AdeUnin,Tr2AdeUninPL26,0,0,0,0,0,0,0,0,0,0,116,36.2,74.8,76.2,77.4,76.13333333,0.0461,0.0516,0.0078,87.44292237,30.27,22.48,7.79,7.41,100,52,395,3120.3,0,18.4,0.7,17.9,81.4,5.8,5.9,26,P22-00112,26,2.076,0.36,5.64,0.88,0.38,0.22,78,344,9,9,27,,17,163
Tr2,27,PL,PL27,adequate,Ade,uninoculated,Unin,_,AdeUnin_,Tr2AdeUnin,Tr2AdeUninPL27,0,0,0,0,0,0,0,0,0,0,130.5,40.7,75.5,75.4,75.2,75.36666667,0.0388,0.0447,0.0064,84.59530026,38.99,22.45,16.54,7.54,76,61,489,3918.8,0,19.2,0.8,21.2,78,12.9,4.4,32.9,P22-00113,27,2.182,0.16,3.57,0.93,0.47,0.17,73,106,6,13,22,,11,44
Tr2,28,PL,PL28,adequate,Ade,uninoculated,Unin,_,AdeUnin_,Tr2AdeUnin,Tr2AdeUninPL28,0,0,0,0,0,0,0,0,0,0,141,30.7,76.4,83.9,77.2,79.16666667,0.0365,0.0428,0.0074,82.20338983,37.98,20.7,17.28,7.41,74,44,489,3387.4,0,19.2,0.6,21.2,78.2,3.8,4.1,20.3,P22-00114,28,1.562,0.21,3.64,0.7,0.37,0.15,66,57,6,13,19,,6,12
Tr2,31,PL,PL31,adequate,Ade,inoculated,Inoc,ND,AdeInocND,Tr2AdeInoc,Tr2AdeInocPL31,63.63664,0.6363664,0.923514351,0,0,0,0,0,0,0,136.5,47.8,80.3,81,80.4,80.56666667,0.0421,0.0469,0.0074,87.84810127,41.13,21.13,20,7.52,93,51,358,3261.9,0,18.1,0.7,16.5,82.8,5,5.7,36.6,P22-00115,31,2.092,0.18,3.35,0.91,0.46,0.17,40,59,7,12,19,,5,6
Tr2,32,PL,PL32,adequate,Ade,inoculated,Inoc,Det,AdeInocDet,Tr2AdeInoc,Tr2AdeInocPL32,100,1,1.570796327,4,0.666666667,0.955316618,66.66666667,0,0,0,136.1,41.3,81,81.1,83.4,81.83333333,0.0463,0.0615,0.0091,70.99236641,41.72,21.7,20.02,7.41,79,54,455,3678.6,0,18.9,0.7,20,79.2,4.1,4.9,31.8,P22-00116,32,1.758,0.15,2.9,0.93,0.5,0.16,55,63,5,13,20,,5,11
Tr2,33,PL,PL33,adequate,Ade,inoculated,Inoc,Det,AdeInocDet,Tr2AdeInoc,Tr2AdeInocPL33,71.4286,0.714286,1.006854002,1,0.166666667,0.420534335,16.66666667,1,0.166666667,16.66666667,141.5,43.1,81.4,82.1,81.9,81.8,0.0436,0.0498,0.0078,85.23809524,43.34,22.04,21.3,7.55,84,47,446,3739.9,0,18.8,0.6,19.7,79.6,4.7,4.9,33.2,P22-00117,33,1.998,0.2,3.18,0.95,0.51,0.17,46,87,7,15,20,,13,26
Tr2,34,PL,PL34,adequate,Ade,inoculated,Inoc,Det,AdeInocDet,Tr2AdeInoc,Tr2AdeInocPL34,73.3333,0.733333,1.028156848,2,0.333333333,0.615479709,33.33333333,0,0,0,141,31.8,80.3,79.6,79.7,79.86666667,0.0495,0.0542,0.0088,89.64757709,43.24,22.44,20.8,7.12,74,52,475,3001.5,0,19.1,0.7,20.7,78.6,4,5.1,27.5,P22-00118,34,1.335,0.15,3.06,0.68,0.4,0.13,61,68,5,13,20,,6,23
Tr2,35,PL,PL35,adequate,Ade,inoculated,Inoc,Det,AdeInocDet,Tr2AdeInoc,Tr2AdeInocPL35,60,0.6,0.886077124,4,0.666666667,0.955316618,66.66666667,0,0,0,134,25.4,75.9,75.9,77.4,76.4,0.0472,0.0502,0.0065,93.13501144,47.82,22.39,25.43,7.49,84,54,466,3186.2,0,19,0.7,20.4,78.9,4.3,4.9,24.4,P22-00119,35,1.33,0.14,2.83,0.65,0.39,0.13,62,44,5,11,16,,5,5
Tr2,36,PL,PL36,adequate,Ade,inoculated,Inoc,Det,AdeInocDet,Tr2AdeInoc,Tr2AdeInocPL36,60,0.6,0.886077124,6,1,1.570796327,100,0,0,0,123,32.5,75.2,75.9,78.6,76.56666667,0.0463,0.05,0.0083,91.12709832,44.26,22.42,21.84,7.45,88,62,422,3578.5,0,18.7,0.9,18.8,80.3,4.8,5.2,35,P22-00120,36,1.561,0.16,2.66,0.78,0.47,0.15,59,76,5,13,23,,6,23
Tr2,37,PL,PL37,adequate,Ade,inoculated,Inoc,Det,AdeInocDet,Tr2AdeInoc,Tr2AdeInocPL37,66.667,0.66667,0.955320154,5,0.833333333,1.150261992,83.33333333,0,0,0,125.5,47.6,75.9,76.6,77.8,76.76666667,0.0529,0.0584,0.0076,89.17322835,37.53,22.33,15.2,7.27,79,60,523,3460.5,0,19.5,0.8,22.3,76.9,4.3,4.3,34.6,P22-00121,37,1.899,0.28,4.23,0.85,0.37,0.18,70,83,7,9,22,,9,20
Tr2,38,PL,PL38,adequate,Ade,inoculated,Inoc,Det,AdeInocDet,Tr2AdeInoc,Tr2AdeInocPL38,80,0.8,1.107148718,5,0.833333333,1.150261992,83.33333333,0,0,0,117.5,41.2,75.3,75.8,74.9,75.33333333,0.0458,0.0501,0.0077,89.85849057,29.56,22.29,7.27,7.21,81,84,670,4275.9,0,20.8,1,26.8,72.1,4,4.4,53.7,P22-00122,38,2.052,0.36,5.57,0.96,0.37,0.2,57,76,8,9,23,,6,12
Tr2,41,PL,PL41,excess,Exc,uninoculated,Unin,_,ExcUnin_,Tr2ExcUnin,Tr2ExcUninPL41,0,0,0,0,0,0,0,0,0,0,135,43.1,85.5,82.3,86.3,84.7,0.0482,0.0582,0.0095,79.4661191,43.7,22.39,21.31,7,73,33,571,3696.3,0,19.8,0.4,24,75.6,4.1,4.1,45.3,P22-00123,41,1.364,0.24,3.1,0.75,0.46,0.13,67,64,4,13,16,,9,17
Tr2,42,PL,PL42,excess,Exc,uninoculated,Unin,_,ExcUnin_,Tr2ExcUnin,Tr2ExcUninPL42,0,0,0,0,0,0,0,0,0,0,146.5,45.8,80.8,81.7,81.9,81.46666667,0.0453,0.0534,0.0074,82.39130435,46.64,22.47,24.17,7.55,93,38,374,3800,0,18.2,0.5,17.1,82.4,6,5.5,54,P22-00124,42,1.422,0.19,2.52,1.02,0.54,0.14,58,101,5,12,15,,11,43
Tr2,43,PL,PL43,excess,Exc,uninoculated,Unin,_,ExcUnin_,Tr2ExcUnin,Tr2ExcUninPL43,0,0,0,0,0,0,0,0,0,0,148,28.4,81.7,82.6,82.5,82.26666667,0.0386,0.0436,0.0078,86.03351955,47.88,22.53,25.35,7.52,92,32,392,3671.1,0,18.3,0.4,17.8,81.7,4.8,5.5,42.7,P22-00125,43,1.232,0.19,2.62,0.97,0.51,0.12,55,96,5,12,14,,12,36
Tr2,44,PL,PL44,excess,Exc,uninoculated,Unin,_,ExcUnin_,Tr2ExcUnin,Tr2ExcUninPL44,0,0,0,0,0,0,0,0,0,0,152,41.7,78.4,83.9,74.3,78.86666667,0.0498,0.0562,0.0084,86.61087866,54.04,22.35,31.69,7.12,80,37,430,2945.5,0,18.4,0.5,19.5,80,4.7,4.9,37.4,P22-00126,44,1.218,0.25,3.2,0.71,0.38,0.12,59,54,5,14,15,,10,14
Tr2,45,PL,PL45,excess,Exc,uninoculated,Unin,_,ExcUnin_,Tr2ExcUnin,Tr2ExcUninPL45,0,0,0,0,0,0,0,0,0,0,136,33.2,77.9,83.4,85.3,82.2,0.0459,0.051,0.0086,87.97169811,52.45,22.47,29.98,7.34,76,38,497,3683.6,0,19.2,0.5,21.5,78,4.2,4.3,40.6,P22-00127,45,1.368,0.19,2.98,0.84,0.51,0.14,78,58,5,11,14,,19,13
Tr2,46,PL,PL46,excess,Exc,uninoculated,Unin,_,ExcUnin_,Tr2ExcUnin,Tr2ExcUninPL46,0,0,0,0,0,0,0,0,0,0,140,43.4,77.8,78,76.8,77.53333333,0.0529,0.0608,0.0086,84.86590038,50.08,22.46,27.62,7.51,87,34,448,3255.7,0,18.8,0.5,19.8,79.7,4.7,5.1,35.2,P22-00128,46,1.155,0.24,3.17,0.81,0.43,0.12,79,174,5,13,15,,22,94
Tr2,47,PL,PL47,excess,Exc,uninoculated,Unin,_,ExcUnin_,Tr2ExcUnin,Tr2ExcUninPL47,0,0,0,0,0,0,0,0,0,0,134.8,42.1,77.1,77.2,76.9,77.06666667,0.0466,0.0537,0.0089,84.15178571,49.91,22.51,27.4,7.32,65,27,547,3714.2,0,19.6,0.4,23.2,76.4,3.5,3.5,26.4,P22-00129,47,2.353,0.22,3.97,0.91,0.46,0.19,83,133,7,14,25,,25,47
Tr2,48,PL,PL48,excess,Exc,uninoculated,Unin,_,ExcUnin_,Tr2ExcUnin,Tr2ExcUninPL48,0,0,0,0,0,0,0,0,0,0,136,50.2,77.4,77.8,84.1,79.76666667,0.0437,0.0505,0.0076,84.14918415,35.15,22.37,12.78,7.49,81,52,496,3987.9,0,19.3,0.7,21.5,77.9,6.2,4.9,50,P22-00130,48,1.073,0.2,2.81,0.75,0.45,0.11,90,47,4,10,13,,9,10
Tr2,51,PL,PL51,excess,Exc,inoculated,Inoc,Det,ExcInocDet,Tr2ExcInoc,Tr2ExcInocPL51,66.6667,0.666667,0.955316972,3,0.5,0.785398163,50,0,0,0,133,36,81.7,81.3,81.3,81.43333333,0.046,0.0514,0.0074,87.72727273,47.07,22.09,24.98,7.1,71,38,523,3474,0,19.5,0.5,22.4,77.1,3.9,3.9,41.8,P22-00131,51,1.2,0.16,2.63,0.53,0.37,0.13,44,51,4,14,17,,15,13
Tr2,52,PL,PL52,excess,Exc,inoculated,Inoc,Det,ExcInocDet,Tr2ExcInoc,Tr2ExcInocPL52,53.333,0.53333,0.818752897,3,0.5,0.785398163,50,0,0,0,150,37.9,82.1,85.2,85.2,84.16666667,0.0493,0.0548,0.0072,88.44537815,50.28,20.18,30.1,7.56,79,33,430,3692.6,0,18.7,0.5,19.2,80.4,4.6,4.6,34.6,P22-00132,52,0.988,0.18,2.61,0.72,0.42,0.13,73,57,5,15,14,,8,20
Tr2,53,PL,PL53,excess,Exc,inoculated,Inoc,Det,ExcInocDet,Tr2ExcInoc,Tr2ExcInocPL53,53.333,0.53333,0.818752897,3,0.5,0.785398163,50,0,0,0,139.5,44.6,81.7,80.8,80.8,81.1,0.0371,0.0444,0.0074,80.27027027,36.08,22.34,13.74,7.56,70,30,472,3876.2,0,19,0.4,20.7,78.9,3.8,3.9,45.3,P22-00133,53,1.631,0.22,3.67,1,0.53,0.18,56,69,6,15,15,,12,16
Tr2,54,PL,PL54,excess,Exc,inoculated,Inoc,ND,ExcInocND,Tr2ExcInoc,Tr2ExcInocPL54,60,0.6,0.886077124,0,0,0,0,0,0,0,145,44.6,78.2,79.3,79.3,78.93333333,0.0505,0.059,0.0094,82.86290323,40.96,22.48,18.48,7.45,73,32,550,3795.2,0,19.7,0.4,23.3,76.3,4,3.8,39.9,P22-00134,54,1.36,0.2,3.51,0.79,0.46,0.14,61,72,5,13,13,,15,23
Tr2,55,PL,PL55,excess,Exc,inoculated,Inoc,Det,ExcInocDet,Tr2ExcInoc,Tr2ExcInocPL55,66.6667,0.666667,0.955316972,3,0.5,0.785398163,50,0,0,0,135,26.6,80.4,80.6,81.5,80.83333333,0.0437,0.0495,0.0076,86.1575179,51.54,22.43,29.11,7.37,89,43,466,3345.9,0,19,0.6,20.4,79,4.8,4.6,39.8,P22-00135,55,1.166,0.19,3.16,0.73,0.41,0.12,61,124,5,13,14,,12,68
Tr2,56,PL,PL56,excess,Exc,inoculated,Inoc,Det,ExcInocDet,Tr2ExcInoc,Tr2ExcInocPL56,66.6667,0.666667,0.955316972,4,0.666666667,0.955316618,66.66666667,0,0,0,127.5,35.1,77.6,77.4,79.7,78.23333333,0.0537,0.0607,0.00112,88.25109097,56.1,22.43,33.67,6.93,66,30,595,3621.6,0,20,0.4,24.7,74.9,3.9,3.7,44.3,P22-00136,56,0.956,0.22,3.25,0.67,0.44,0.11,73,41,4,14,13,,10,12
Tr2,57,PL,PL57,excess,Exc,inoculated,Inoc,Det,ExcInocDet,Tr2ExcInoc,Tr2ExcInocPL57,60,0.6,0.886077124,4,0.666666667,0.955316618,66.66666667,0,0,0,147.5,41.4,79.1,76.4,76.5,77.33333333,0.0425,0.0477,0.0084,86.76844784,47.28,22.38,24.9,7.56,68,34,412,3674.9,0,18.5,0.5,18.5,81,3.7,4.1,36,P22-00137,57,1.471,0.18,3.27,0.84,0.45,0.14,66,46,5,12,16,,16,8
Tr2,58,PL,PL58,excess,Exc,inoculated,Inoc,Det,ExcInocDet,Tr2ExcInoc,Tr2ExcInocPL58,33.333,0.33333,0.615476173,2,0.333333333,0.615479709,33.33333333,0,0,0,137,26.5,76.9,77.4,78.3,77.53333333,0.0506,0.0556,0.0093,89.20086393,45.03,22.4,22.63,7.31,72,34,526,3514.3,0,19.5,0.4,22.5,77,3.8,4.1,38.6,P22-00138,58,0.928,0.2,3.06,0.54,0.33,0.1,52,37,4,11,12,,8,10
Tr3,1,PL,PL1,deficit,Def,uninoculated,Unin,_,DefUnin_,Tr3DefUnin,Tr3DefUninPL1,0,0,0,0,0,0,0,0,0,0,99,46.3,70,70.1,73.3,71.13333333,0.0394,0.0464,0.0092,81.1827957,26.77,22.03,4.74,7.04,109,280,482,3098.4,0,19.7,3.6,20.4,76,5.6,4.6,68.8,P22-00139,1,3.658,0.23,6.27,0.94,0.36,0.24,80,76,9,16,66,,5,5
Tr3,2,PL,PL2,deficit,Def,uninoculated,Unin,_,DefUnin_,Tr3DefUnin,Tr3DefUninPL2,0,0,0,0,0,0,0,0,0,0,99.5,41,73.1,72.9,73.1,73.03333333,0.0422,0.0608,0.0094,63.81322957,27.99,22.17,5.82,6.7,83,214,493,3328.3,2,21.7,2.5,19,69.3,5.1,4.6,69.4,P22-00140,2,2.843,0.17,5.83,0.81,0.33,0.21,47,63,6,14,35,,5,4
Tr3,3,PL,PL3,deficit,Def,uninoculated,Unin,_,DefUnin_,Tr3DefUnin,Tr3DefUninPL3,0,0,0,0,0,0,0,0,0,0,102.1,51.1,70.7,70.7,71.9,71.1,0.0481,0.03202,0.0066,163.2572777,26.11,22.16,3.95,7.01,107,237,539,3507.1,0,20.1,3,22.3,74.6,5.8,4.3,85.6,P22-00141,3,3.648,0.22,6.54,0.93,0.39,0.23,63,74,8,15,59,,5,4
Tr3,4,PL,PL4,deficit,Def,uninoculated,Unin,_,DefUnin_,Tr3DefUnin,Tr3DefUninPL4,0,0,0,0,0,0,0,0,0,0,109.4,47.7,71.3,70.6,70.4,70.76666667,0.0508,0.0416,0.0071,126.6666667,25.88,21.86,4.02,7.18,75,133,471,4106.2,0,19.3,1.8,20.4,77.9,5,5.4,53.6,P22-00142,4,3.945,0.25,5.77,1.24,0.45,0.25,47,79,9,11,33,,5,4
Tr3,5,PL,PL5,deficit,Def,uninoculated,Unin,_,DefUnin_,Tr3DefUnin,Tr3DefUninPL5,0,0,0,0,0,0,0,0,0,0,122.3,53,71.7,72.4,73,72.36666667,0.0413,0.0506,0.0082,78.06603774,32.21,22.06,10.15,6.97,105,275,518,3556.6,0,20,3.5,21.6,74.9,5.1,4.8,121.9,P22-00143,5,3.573,0.25,5.9,0.96,0.36,0.24,40,78,7,14,34,,6,7
Tr3,6,PL,PL6,deficit,Def,uninoculated,Unin,_,DefUnin_,Tr3DefUnin,Tr3DefUninPL6,0,0,0,0,0,0,0,0,0,0,98.1,39,72.4,72.9,72.9,72.73333333,0.0336,0.0377,0.0072,86.55737705,26.93,21.71,5.22,6.97,99,225,507,3445.1,0,19.8,2.9,21.3,75.8,6.6,4.9,101.8,P22-00144,6,3.348,0.21,6.53,1.02,0.38,0.2,59,70,7,12,46,,5,5
Tr3,7,PL,PL7,deficit,Def,uninoculated,Unin,_,DefUnin_,Tr3DefUnin,Tr3DefUninPL7,0,0,0,0,0,0,0,0,0,0,103.9,49.2,71.1,71.7,71.7,71.5,0.0283,0.0333,0.0061,81.61764706,28.26,21.79,6.47,7,94,249,517,3473.8,0,19.9,3.2,21.6,75.2,5.3,4.7,131.1,P22-00145,7,3.448,0.21,6.4,0.95,0.36,0.22,36,73,7,11,32,,35,5
Tr3,8,PL,PL8,deficit,Def,uninoculated,Unin,_,DefUnin_,Tr3DefUnin,Tr3DefUninPL8,0,0,0,0,0,0,0,0,0,0,108.3,41.8,72.5,72.5,72.3,72.43333333,0.0373,0.0434,0.0075,83.00835655,28.76,21.64,7.12,7.22,91,210,411,2996.8,0,18.9,2.8,18.1,79.1,5.5,5.1,63.9,P22-00146,8,3.109,0.19,6.02,0.85,0.35,0.22,51,71,7,14,34,,5,5
Tr3,9,PL,PL9,deficit,Def,uninoculated,Unin,_,DefUnin_,Tr3DefUnin,Tr3DefUninPL9,0,0,0,0,0,0,0,0,0,0,84.6,47.4,70.8,70.8,71.4,71,0.0311,0.0295,0.0054,106.6390041,25.04,22.27,2.77,7.06,93,217,494,3448.9,0,19.7,2.8,20.9,76.2,6.5,4.6,78.2,P22-00147,9,3.756,0.25,6.03,1.1,0.43,0.23,64,82,8,12,31,,7,6
Tr3,10,PL,PL10,deficit,Def,uninoculated,Unin,_,DefUnin_,Tr3DefUnin,Tr3DefUninPL10,0,0,0,0,0,0,0,0,0,0,94.7,51.4,71.4,71.3,71.7,71.46666667,0.0254,0.0239,0.0051,107.9787234,24.28,21.71,2.57,7.04,97,214,517,3916.2,0,19.9,2.8,21.7,75.5,6,4.3,94.8,P22-00148,10,3.477,0.21,5.85,1.14,0.42,0.23,44,79,7,11,40,,6,8
Tr3,11,PL,PL11,deficit,Def,inoculated,Inoc,Det,DefInocDet,Tr3DefInoc,Tr3DefInocPL11,80,0.8,1.107148718,2,0.33333,0.615476173,33.333,0,0,0,100.6,44.6,72.8,73.3,71.9,72.66666667,0.0408,0.0221,0.0085,237.5,27.69,21.87,5.82,6.91,103,282,605,4075.6,0,20.8,3.5,24.3,72.2,6.5,5.2,168.5,P22-00149,11,3.608,0.23,6.53,1.02,0.41,0.23,52,75,7,13,34,,6,3
Tr3,12,PL,PL12,deficit,Def,inoculated,Inoc,ND,DefInocND,Tr3DefInoc,Tr3DefInocPL12,0,0,0,0,0,0,0,0,0,0,112.2,45.9,71.9,71.7,71.6,71.73333333,0.0419,0.0485,0.0072,84.01937046,28.86,22.18,6.68,6.87,102,235,548,3822.4,0,20.2,3,22.6,74.4,6.5,4.6,106.5,P22-00150,12,3.653,0.22,5.47,1.04,0.44,0.21,53,70,6,13,30,,6,4
Tr3,13,PL,PL13,deficit,Def,inoculated,Inoc,Det,DefInocDet,Tr3DefInoc,Tr3DefInocPL13,0,0,0,3,0.5,0.785398163,50,0,0,0,102.7,47.6,73.1,71.8,70.7,71.86666667,0.0357,0.045,0.0066,75.78125,25.73,21.93,3.8,6.91,117,342,654,4119.2,0,21.3,4.1,25.6,70.3,6.8,4.7,193.7,P22-00151,13,3.629,0.24,6.16,1.02,0.4,0.23,74,84,9,16,55,,7,6
Tr3,14,PL,PL14,deficit,Def,inoculated,Inoc,Det,DefInocDet,Tr3DefInoc,Tr3DefInocPL14,86.6667,0.866667,1.197004642,2,0.333333333,0.615479709,33.33333333,0,0,0,107.8,49,71,70.6,70.8,70.8,0.0413,0.0392,0.0067,106.4615385,26.58,22.02,4.56,6.92,104,292,558,4078.2,0,20.4,3.7,22.8,73.5,5.4,4.9,149,P22-00152,14,3.748,0.24,6.74,1.01,0.39,0.22,57,78,8,15,39,,7,4
Tr3,15,PL,PL15,deficit,Def,inoculated,Inoc,Det,DefInocDet,Tr3DefInoc,Tr3DefInocPL15,2.85714,0.0285714,0.169846202,4,0.666666667,0.955316618,66.66666667,0,0,0,116.9,46.4,72.1,73.7,72.8,72.86666667,0.0433,0.0467,0.0082,91.16883117,30.31,21.96,8.35,7.13,98,220,510,3749.4,0,19.8,2.8,21.4,75.7,5.5,4.9,77.4,P22-00153,15,2.976,0.2,5.57,0.99,0.41,0.21,49,99,7,13,24,,10,21
Tr3,16,PL,PL16,deficit,Def,inoculated,Inoc,Det,DefInocDet,Tr3DefInoc,Tr3DefInocPL16,1.33333,0.0133333,0.115728061,3,0.5,0.785398163,50,0,0,0,113.3,48.9,72.5,72.6,77.4,74.16666667,0.0538,0.0641,0.0093,81.20437956,31.01,21.64,9.37,6.94,107,319,520,3614.9,0,20.2,4.1,21.5,74.4,6,5.8,142.1,P22-00154,16,3.718,0.25,6.31,0.98,0.4,0.23,68,81,7,16,36,,5,6
Tr3,17,PL,PL17,deficit,Def,inoculated,Inoc,Det,DefInocDet,Tr3DefInoc,Tr3DefInocPL17,5.33333,0.0533333,0.233043725,4,0.666666667,0.955316618,66.66666667,0,0,0,105.1,42.6,72.1,71.4,72.1,71.86666667,0.0377,0.0467,0.0076,76.98209719,28.06,21.61,6.45,6.92,96,322,571,3778.9,0,20.6,4,23.1,72.9,5.1,4.4,115.9,P22-00155,17,3.358,0.24,6.54,0.94,0.36,0.22,53,77,7,13,34,,5,7
Tr3,18,PL,PL18,deficit,Def,inoculated,Inoc,Det,DefInocDet,Tr3DefInoc,Tr3DefInocPL18,9.33333,0.0933333,0.310468732,2,0.333333333,0.615479709,33.33333333,0,0,0,98.5,43.6,72.4,72.6,73.1,72.7,0.0396,0.0382,0.0073,104.5307443,25.93,20.83,5.1,7.07,73,148,417,3638.6,0,18.9,2,18.4,79.6,5,4.6,43.9,P22-00156,18,3.247,0.19,5.2,1.12,0.41,0.19,41,68,7,11,25,,5,6
Tr3,19,PL,PL19,deficit,Def,inoculated,Inoc,Det,DefInocDet,Tr3DefInoc,Tr3DefInocPL19,61.5385,0.615385,0.901832648,2,0.333333333,0.615479709,33.33333333,0,0,0,110.8,50.2,71.8,71.4,72.1,71.76666667,0.0388,0.0415,0.007,92.17391304,27.63,21.8,5.83,7.12,90,228,484,3378.8,0,19.6,3,20.6,76.5,5.3,4.8,119.4,P22-00157,19,2.817,0.25,6.39,0.86,0.31,0.21,41,75,6,10,30,,5,5
Tr3,20,PL,PL20,deficit,Def,inoculated,Inoc,Det,DefInocDet,Tr3DefInoc,Tr3DefInocPL20,86.6667,0.866667,1.197004642,3,0.5,0.785398163,50,0,0,0,106.4,46.2,69.7,69.6,70.4,69.9,0.0398,0.03,0.006,140.8333333,24.79,21.72,3.07,6.97,86,211,506,3375.2,0,19.8,2.7,21.3,75.9,5.4,4.7,85.2,P22-00158,20,3.976,0.25,6.12,1.15,0.46,0.22,45,86,8,11,32,,5,8
Tr3,21,PL,PL21,adequate,Ade,uninoculated,Unin,_,AdeUnin_,Tr3AdeUnin,Tr3AdeUninPL21,0,0,0,0,0,0,0,0,0,0,120.6,52.7,72.4,72.6,73.1,72.7,0.0424,0.0437,0.0073,96.42857143,30.02,22.01,8.01,7.16,110,188,528,3599.1,0,19.9,2.4,22.1,75.4,5.2,5.1,92.7,P22-00159,21,3.977,0.27,5.21,0.88,0.42,0.26,34,79,6,10,24,,8,8
Tr3,22,PL,PL22,adequate,Ade,uninoculated,Unin,_,AdeUnin_,Tr3AdeUnin,Tr3AdeUninPL22,0,0,0,0,0,0,0,0,0,0,123.8,49.7,71.6,72.8,72.4,72.26666667,0.0424,0.0395,0.0083,109.2948718,31.26,21.98,9.28,7.2,86,143,547,3486.3,0,19.9,1.8,22.9,75.3,4.8,4.6,52.7,P22-00160,22,3.18,0.31,5.72,1.04,0.41,0.26,46,91,8,13,28,,11,12
Tr3,23,PL,PL23,adequate,Ade,uninoculated,Unin,_,AdeUnin_,Tr3AdeUnin,Tr3AdeUninPL23,0,0,0,0,0,0,0,0,0,0,113.6,49,70.7,71.1,71.4,71.06666667,0.0412,0.0436,0.0067,93.49593496,26.22,21.91,4.31,7.08,88,193,556,3534.8,0,20.1,2.5,23,74.5,4.4,4.2,79.9,P22-00161,23,4.333,0.32,5.75,1.08,0.4,0.23,54,96,8,10,28,,15,13
Tr3,24,PL,PL24,adequate,Ade,uninoculated,Unin,_,AdeUnin_,Tr3AdeUnin,Tr3AdeUninPL24,0,0,0,0,0,0,0,0,0,0,123.4,52.4,71.6,71.4,71,71.33333333,0.0486,0.052,0.0085,92.18390805,27.55,21.99,5.56,7.15,95,182,498,3409.1,0,19.6,2.4,21.2,76.5,4.6,4.4,64.2,P22-00162,24,4.384,0.39,6.77,1.2,0.44,0.31,61,115,10,13,35,,12,23
Tr3,25,PL,PL25,adequate,Ade,uninoculated,Unin,_,AdeUnin_,Tr3AdeUnin,Tr3AdeUninPL25,0,0,0,0,0,0,0,0,0,0,116,50.8,71.7,71,70.9,71.2,0.0384,0.036,0.0062,108.0536913,25.65,22.14,3.51,7.15,97,202,516,3718.9,0,19.8,2.6,21.7,75.7,5.1,4.9,72.7,P22-00163,25,4.289,0.4,5.81,0.94,0.34,0.29,57,130,9,10,37,,13,41
Tr3,26,PL,PL26,adequate,Ade,uninoculated,Unin,_,AdeUnin_,Tr3AdeUnin,Tr3AdeUninPL26,0,0,0,0,0,0,0,0,0,0,110.8,49.5,71.8,71.7,71,71.5,0.0218,0.0176,0.004,130.8823529,27.82,21.85,5.97,7.3,87,141,485,3343.5,0,19.4,1.9,20.8,77.3,6.1,4.4,56.8,P22-00164,26,3.742,0.38,5.96,0.87,0.3,0.3,53,92,8,14,36,,9,8
Tr3,27,PL,PL27,adequate,Ade,uninoculated,Unin,_,AdeUnin_,Tr3AdeUnin,Tr3AdeUninPL27,0,0,0,0,0,0,0,0,0,0,117.1,49,71.7,71.4,70.6,71.23333333,0.0304,0.0299,0.0065,102.1367521,29.11,21.76,7.35,7.12,99,188,520,3689,0,19.8,2.4,21.9,75.7,4.9,4.4,68.3,P22-00165,27,4.249,0.3,5.14,1.01,0.38,0.28,55,88,7,12,28,,5,7
Tr3,28,PL,PL28,adequate,Ade,uninoculated,Unin,_,AdeUnin_,Tr3AdeUnin,Tr3AdeUninPL28,0,0,0,0,0,0,0,0,0,0,110.3,46.5,70.8,71.4,70.4,70.86666667,0.033,0.0301,0.0048,111.4624506,27.39,21.79,5.6,7.19,81,146,520,3549.8,0,19.7,1.9,22,76.1,5.1,4.3,52.4,P22-00166,28,3.556,0.2,5.28,0.83,0.36,0.22,39,1190,7,11,21,,6,10
Tr3,29,PL,PL29,adequate,Ade,uninoculated,Unin,_,AdeUnin_,Tr3AdeUnin,Tr3AdeUninPL29,0,0,0,0,0,0,0,0,0,0,119.2,52.4,70.6,69.6,70.3,70.16666667,0.015,0.015,0.0036,100,27.17,21.69,5.48,7.19,107,193,445,3303.8,0,19.2,2.6,19.3,78.1,5.4,5.5,77.2,P22-00167,29,4.415,0.36,5.43,0.93,0.32,0.27,59,90,9,11,35,,6,7
Tr3,30,PL,PL30,adequate,Ade,uninoculated,Unin,_,AdeUnin_,Tr3AdeUnin,Tr3AdeUninPL30,0,0,0,0,0,0,0,0,0,0,122.6,59.8,70.3,70.6,71.4,70.76666667,0.0296,0.0423,0.0062,64.8199446,28.06,21.71,6.35,7.16,108,208,542,3567.4,0,20.1,2.7,22.5,74.8,5.2,4.7,75.1,P22-00168,30,4.265,0.31,5.56,0.75,0.28,0.24,41,193,7,10,36,,5,8
Tr3,31,PL,PL31,adequate,Ade,inoculated,Inoc,Det,AdeInocDet,Tr3AdeInoc,Tr3AdeInocPL31,73.3333,0.733333,1.028156848,5,0.833333333,1.150261992,83.33333333,0,0,0,135.9,55.3,72.5,72.7,73.1,72.76666667,0.0296,0.0382,0.0075,71.98697068,33.99,21.88,12.11,6.93,114,221,521,3532.1,0,19.9,2.8,21.8,75.3,5.9,5.4,160.5,P22-00169,31,3.904,0.32,5.39,0.99,0.36,0.31,73,89,9,12,42,,6,8
Tr3,32,PL,PL32,adequate,Ade,inoculated,Inoc,Det,AdeInocDet,Tr3AdeInoc,Tr3AdeInocPL32,100,1,1.570796327,4,0.666666667,0.955316618,66.66666667,0,0,0,125.4,47.1,73.1,72.4,72,72.5,0.0435,0.0448,0.0073,96.53333333,29.58,21.74,7.84,6.95,98,161,524,3570.2,0,19.8,2.1,22.1,75.8,5.1,4.9,61.7,P22-00170,32,3.467,0.29,5.24,0.95,0.37,0.24,51,78,7,12,27,,8,9
Tr3,33,PL,PL33,adequate,Ade,inoculated,Inoc,Det,AdeInocDet,Tr3AdeInoc,Tr3AdeInocPL33,80,0.8,1.107148718,4,0.666666667,0.955316618,66.66666667,0,0,0,126.5,47.7,71.4,71.3,71,71.23333333,0.0466,0.0446,0.0068,105.2910053,28.78,21.84,6.94,7.12,91,192,516,3461.7,0,19.8,2.5,21.7,75.8,5.7,5.6,72.7,P22-00171,33,2.973,0.28,5.26,0.93,0.35,0.25,56,82,7,12,23,,5,8
Tr3,34,PL,PL34,adequate,Ade,inoculated,Inoc,Det,AdeInocDet,Tr3AdeInoc,Tr3AdeInocPL34,53.3333,0.533333,0.818755904,1,0.166666667,0.420534335,16.66666667,0,0,0,114.2,50.5,69.2,70.1,70.8,70.03333333,0.0488,0.0417,0.0081,121.1309524,26.17,21.87,4.3,7.33,73,112,497,4018.6,0,19.4,1.5,21.3,77.2,4.8,5.3,37.9,P22-00172,34,3.923,0.37,5.66,1.04,0.35,0.28,66,97,8,11,29,,9,11
Tr3,35,PL,PL35,adequate,Ade,inoculated,Inoc,Det,AdeInocDet,Tr3AdeInoc,Tr3AdeInocPL35,33.3333,0.333333,0.615479355,4,0.666666667,0.955316618,66.66666667,0,0,0,130.4,49.2,71.1,71.8,72,71.63333333,0.0419,0.1656,0.0071,21.95583596,31.38,21.93,9.45,7.18,95,178,536,3727.4,0,19.9,2.3,22.4,75.3,5.1,4.9,78.8,P22-00173,35,3.399,0.32,5.89,1.07,0.44,0.27,56,95,8,13,35,,9,12
Tr3,36,PL,PL36,adequate,Ade,inoculated,Inoc,Det,AdeInocDet,Tr3AdeInoc,Tr3AdeInocPL36,100,1,1.570796327,3,0.5,0.785398163,50,0,0,0,121.9,46.3,73.8,73.3,73.1,73.4,0.0505,0.0296,0.0082,197.6635514,30.73,21.79,8.94,7.2,75,146,510,3435.1,0,19.6,1.9,21.7,76.4,4.6,4.4,53,P22-00174,36,2.612,0.29,5.1,0.77,0.31,0.24,54,78,7,12,28,,6,8
Tr3,37,PL,PL37,adequate,Ade,inoculated,Inoc,Det,AdeInocDet,Tr3AdeInoc,Tr3AdeInocPL37,86.6667,0.866667,1.197004642,1,0.166666667,0.420534335,16.66666667,0,0,0,119.1,47.1,72.4,72.1,72.4,72.3,0.0405,0.044,0.0069,90.56603774,28.83,21.82,7.01,6.97,107,221,517,3560.5,0,19.9,2.9,21.7,75.5,4.7,4.5,104.5,P22-00175,37,4.227,0.32,5.66,0.94,0.38,0.29,43,89,7,9,28,,9,11
Tr3,38,PL,PL38,adequate,Ade,inoculated,Inoc,ND,AdeInocND,Tr3AdeInoc,Tr3AdeInocPL38,93.3333,0.933333,1.309638248,0,0,0,0,0,0,0,124.6,44.9,71.1,72.4,72.4,71.96666667,0.0451,0.0462,0.007,97.19387755,30.22,18.62,11.6,7.26,98,182,443,3319.2,0,19.2,2.4,19.3,78.3,5.5,5.2,93,P22-00176,38,2.553,0.31,5.58,0.81,0.29,0.27,53,72,7,12,23,,8,8
Tr3,39,PL,PL39,adequate,Ade,inoculated,Inoc,Det,AdeInocDet,Tr3AdeInoc,Tr3AdeInocPL39,100,1,1.570796327,2,0.333333333,0.615479709,33.33333333,0,0,0,117.6,47.2,69.9,72.3,70.1,70.76666667,0.0375,0.038,0.0068,98.3974359,27.46,21.71,5.75,7.19,100,179,536,3514.8,0,19.9,2.3,22.4,75.3,4.9,4.8,55.5,P22-00177,39,4.091,0.26,5.43,1.05,0.4,0.23,55,77,7,10,24,,6,7
Tr3,40,PL,PL40,adequate,Ade,inoculated,Inoc,Det,AdeInocDet,Tr3AdeInoc,Tr3AdeInocPL40,73.3333,0.733333,1.028156848,2,0.333333333,0.615479709,33.33333333,0,0,0,88.5,51.8,71,70.1,71.3,70.8,0.0419,0.0434,0.0071,95.8677686,25.14,21.4,3.74,6.93,118,205,560,3690.4,0,20.2,2.6,23.1,74.3,10.3,4.4,141.7,P22-00178,40,4.61,0.33,5.4,0.98,0.42,0.27,76,107,8,9,40,,33,19
Tr3,41,PL,PL41,excess,Exc,uninoculated,Unin,_,ExcUnin_,Tr3ExcUnin,Tr3ExcUninPL41,0,0,0,0,0,0,0,0,0,0,127.3,54.5,72.6,72,72.3,72.3,0.0644,0.0683,0.0105,93.25259516,32.19,21.83,10.36,7.18,95,137,500,3318.7,0,19.5,1.8,21.3,76.9,4.8,4.6,90.6,P22-00179,41,3.931,0.33,5.23,0.9,0.34,0.28,54,85,8,10,27,,7,7
Tr3,42,PL,PL42,excess,Exc,uninoculated,Unin,_,ExcUnin_,Tr3ExcUnin,Tr3ExcUninPL42,0,0,0,0,0,0,0,0,0,0,134.4,54.7,72.5,71.3,71.4,71.73333333,0.041,0.048,0.0068,83.00970874,31.57,21.81,9.76,7.13,98,209,543,3861.6,0,20.1,2.7,22.6,74.8,5.2,4.9,199.3,P22-00180,42,3.794,0.34,5.14,0.93,0.33,0.27,65,84,8,12,23,,10,9
Tr3,43,PL,PL43,excess,Exc,uninoculated,Unin,_,ExcUnin_,Tr3ExcUnin,Tr3ExcUninPL43,0,0,0,0,0,0,0,0,0,0,121,51.6,70.9,71,71,70.96666667,0.0549,0.0513,0.0089,108.490566,26.26,21.98,4.28,7.14,98,203,580,3994.9,0,20.4,2.6,23.7,73.7,5.2,4.8,137.4,P22-00181,43,4.244,0.25,5.63,0.98,0.39,0.26,64,281,7,11,37,,10,8
Tr3,44,PL,PL44,excess,Exc,uninoculated,Unin,_,ExcUnin_,Tr3ExcUnin,Tr3ExcUninPL44,0,0,0,0,0,0,0,0,0,0,120.6,52.4,69.8,70.4,69.2,69.8,0.0392,0.0363,0.0068,109.8305085,27.2,21.84,5.36,7.05,120,207,563,3653.2,0,20.2,2.6,23.2,74.2,6.7,4.6,130.8,P22-00182,44,4.222,0.29,5.51,0.94,0.36,0.29,77,88,8,18,33,,12,13
Tr3,45,PL,PL45,excess,Exc,uninoculated,Unin,_,ExcUnin_,Tr3ExcUnin,Tr3ExcUninPL45,0,0,0,0,0,0,0,0,0,0,122.3,48.5,71.3,71,70.6,70.96666667,0.0523,0.0511,0.008,102.7842227,27.77,21.71,6.06,7.42,67,91,513,4060.4,0,19.5,1.2,21.9,76.9,4.4,4.7,60.7,P22-00183,45,3.107,0.23,5.07,1.07,0.38,0.21,57,69,6,13,16,,12,9
Tr3,46,PL,PL46,excess,Exc,uninoculated,Unin,_,ExcUnin_,Tr3ExcUnin,Tr3ExcUninPL46,0,0,0,0,0,0,0,0,0,0,120.5,50.5,72.4,72.8,73.1,72.76666667,0.0361,0.0364,0.0068,98.98648649,29.84,21.76,8.08,7.25,92,136,512,3722.6,0,19.6,1.8,21.8,76.5,10.1,4.6,67.1,P22-00184,46,2.66,0.2,4.73,0.71,0.29,0.2,42,61,5,13,16,,10,5
Tr3,47,PL,PL47,excess,Exc,uninoculated,Unin,_,ExcUnin_,Tr3ExcUnin,Tr3ExcUninPL47,0,0,0,0,0,0,0,0,0,0,113.4,50.3,72.7,72.5,71,72.06666667,0.0316,0.0169,0.0059,233.6363636,28.23,20.51,7.72,7.29,62,75,545,4389.9,0,19.7,1,23,76,4.8,4.5,66,P22-00185,47,4.139,0.3,5.37,0.96,0.34,0.26,56,73,8,11,23,,9,8
Tr3,48,PL,PL48,excess,Exc,uninoculated,Unin,_,ExcUnin_,Tr3ExcUnin,Tr3ExcUninPL48,0,0,0,0,0,0,0,0,0,0,131.6,47.8,73,71.9,71.8,72.23333333,0.0428,0.04,0.0081,108.7774295,32.91,21.67,11.24,7.25,89,135,511,3743.8,0,19.6,1.8,21.7,76.5,5.4,4.5,107.4,P22-00186,48,1.863,0.23,5.03,0.6,0.24,0.17,36,50,4,11,14,,10,6
Tr3,49,PL,PL49,excess,Exc,uninoculated,Unin,_,ExcUnin_,Tr3ExcUnin,Tr3ExcUninPL49,0,0,0,0,0,0,0,0,0,0,122.5,50.6,71.9,70.3,70.6,70.93333333,0.0376,0.0366,0.0061,103.2786885,28.13,21.68,6.45,7.01,91,172,586,3972.8,0,20.3,2.2,24,73.8,5.6,4.6,132.5,P22-00187,49,4.144,0.28,5.24,0.82,0.32,0.26,71,78,7,10,30,,8,7
Tr3,50,PL,PL50,excess,Exc,uninoculated,Unin,_,ExcUnin_,Tr3ExcUnin,Tr3ExcUninPL50,0,0,0,0,0,0,0,0,0,0,113.6,48.7,71.9,70.3,70.3,70.83333333,0.0352,0.0384,0.0067,89.90536278,28.26,21.82,6.44,7.14,109,185,511,3700.9,0,19.7,2.4,21.6,76,5.3,4.7,82.8,P22-00188,50,4.449,0.32,5.17,0.95,0.37,0.29,75,90,8,13,32,,14,12
Tr3,51,PL,PL51,excess,Exc,inoculated,Inoc,Det,ExcInocDet,Tr3ExcInoc,Tr3ExcInocPL51,100,1,1.570796327,1,0.166666667,0.420534335,16.66666667,0,0,0,127.5,49.5,73.3,72.8,72.3,72.8,0.0484,0.0483,0.0093,100.2564103,32.4,21.67,10.73,7.37,99,141,448,3913.8,0,19.1,1.9,19.6,78.6,5,6.1,118.9,P22-00189,51,3.561,0.25,4.85,0.9,0.36,0.28,68,79,7,12,23,,11,8
Tr3,52,PL,PL52,excess,Exc,inoculated,Inoc,Det,ExcInocDet,Tr3ExcInoc,Tr3ExcInocPL52,66.6667,0.666667,0.955316972,3,0.5,0.785398163,50,0,0,0,129.3,50.6,72.8,71.6,71.9,72.1,0.041,0.0389,0.0078,106.7524116,30.08,21.67,8.41,7.04,99,215,524,4153.9,0,19.9,2.8,21.9,75.3,4.9,6.3,150.7,P22-00190,52,3.843,0.27,5.37,0.86,0.35,0.25,52,78,7,14,22,,10,11
Tr3,53,PL,PL53,excess,Exc,inoculated,Inoc,ND,ExcInocND,Tr3ExcInoc,Tr3ExcInocPL53,80,0.8,1.107148718,0,0,0,0,0,0,0,124.3,51.7,71,72.1,71.4,71.5,0.0503,0.0496,0.009,101.7241379,28.35,21.61,6.74,7.04,106,243,611,4724.2,0,20.7,3,24.6,72.4,4.9,5.8,373.2,P22-00191,53,4.419,0.33,5.89,1.01,0.38,0.26,61,79,7,9,25,,13,9
Tr3,54,PL,PL54,excess,Exc,inoculated,Inoc,ND,ExcInocND,Tr3ExcInoc,Tr3ExcInocPL54,66.6667,0.666667,0.955316972,0,0,0,0,0,0,0,134.4,56.8,71.4,70.4,70.6,70.8,0.0533,0.0527,0.0091,101.3761468,31.27,21.83,9.44,6.93,120,251,675,4699.6,0,21.3,3,26.4,70.5,4.8,5.5,300.1,P22-00192,54,4.36,0.36,5.74,0.83,0.32,0.28,55,91,7,10,29,,16,14
Tr3,55,PL,PL55,excess,Exc,inoculated,Inoc,Det,ExcInocDet,Tr3ExcInoc,Tr3ExcInocPL55,80,0.8,1.107148718,2,0.333333333,0.615479709,33.33333333,0,0,0,111.2,44.8,72.6,73.1,71.8,72.5,0.042,0.0401,0.0071,105.7575758,26.62,21.26,5.36,7.56,68,93,499,4847.3,0,19.4,1.2,21.4,77.3,4,5.2,49.9,P22-00193,55,3.166,0.24,5.19,1.07,0.38,0.23,47,71,7,13,15,,11,8
Tr3,56,PL,PL56,excess,Exc,inoculated,Inoc,ND,ExcInocND,Tr3ExcInoc,Tr3ExcInocPL56,60,0.6,0.886077124,0,0,0,0,0,0,0,111.7,56.6,72.7,70,71.8,71.5,0.0444,0.0459,0.0086,95.97855228,27.38,21.81,5.57,7.21,102,203,362,4025.4,0,18.5,2.8,16.3,80.9,5.8,6.6,219.1,P22-00194,56,3.981,0.35,6.08,0.92,0.32,0.3,70,87,8,11,32,,13,10
Tr3,57,PL,PL57,excess,Exc,inoculated,Inoc,Det,ExcInocDet,Tr3ExcInoc,Tr3ExcInocPL57,80,0.8,1.107148718,5,0.833333333,1.150261992,83.33333333,0,0,0,125.2,50.5,71.9,72,72.9,72.26666667,0.0401,0.0408,0.0068,97.94117647,32.21,21.88,10.33,7.22,93,131,546,4191.7,0,19.9,1.7,22.9,75.4,4.7,5,133.2,P22-00195,57,1.871,0.25,4.74,0.68,0.26,0.19,47,55,4,12,14,,6,8
Tr3,58,PL,PL58,excess,Exc,inoculated,Inoc,Det,ExcInocDet,Tr3ExcInoc,Tr3ExcInocPL58,93.3333,0.933333,1.309638248,1,0.166666667,0.420534335,16.66666667,0,0,0,130.4,47.4,71.8,71.3,70.4,71.16666667,0.042,0.025,0.0069,193.9226519,26.5,21.79,4.71,6.91,100,213,596,4387.2,0,20.5,2.7,24.2,73.1,5.9,5.2,132.4,P22-00196,58,4.181,0.27,5.67,0.95,0.37,0.26,55,79,7,10,26,,11,9
Tr3,59,PL,PL59,excess,Exc,inoculated,Inoc,Det,ExcInocDet,Tr3ExcInoc,Tr3ExcInocPL59,86.6667,0.866667,1.197004642,1,0.166666667,0.420534335,16.66666667,0,0,0,104,40.4,69.8,69.9,71.6,70.43333333,0.0451,0.0434,0.0082,104.8295455,25.31,22.09,3.22,7.04,99,208,627,4622.3,0,20.8,2.6,25.2,72.3,5.6,5.4,125.3,P22-00197,59,3.68,0.18,5.39,0.81,0.34,0.23,38,86,5,11,21,,13,18
Tr3,60,PL,PL60,excess,Exc,inoculated,Inoc,ND,ExcInocND,Tr3ExcInoc,Tr3ExcInocPL60,66.6667,0.666667,0.955316972,0,0,0,0,0,0,0,120.6,47.3,70.9,71,71.8,71.23333333,0.0456,0.0461,0.0081,98.68421053,26.28,21.64,4.64,7.11,118,214,668,5106.2,0,21.1,2.6,26.4,71,4.9,5.6,164,P22-00198,60,4.364,0.28,5.57,0.89,0.33,0.25,54,82,6,11,27,,11,12
,,,,,,,,,,,,,,,,,,,,,,,,,,,,,,,,,,,,,,,,,,,,,,,,,,,,,,,,,,,,,,,
,,,,,,,,,,,,,,,,,,,,,,,,,,,,,,,,,,,,,,,,,,,,,,,,,,,,,,,,,,,,,,,
,,,,,,,,,,,,,,,,,,,,,,,,,,,,,,,,,,,,,,,,,,,,,,,,,,,,,,,,,,,,,,,
,,,,,,,,,,,,,,,,,,,,,,,,,,,,,,,,,,,,,,,,,,,,,,,,,,,,,,,,,,,,,,,
,,,,,,,,,,,,,,,,,,,,,,,,,,,,,,,,,,,,,,,,,,,,,,,,,,,,,,,,,,,,,,,
,,,,,,,,,,,,,,,,,,,,,,,,,,,,,,,,,,,,,,,,,,,,,,,,,,,,,,,,,,,,,,,
,,,,,,,,,,,,,,,,,,,,,,,,,,,,,,,,,,,,,,,,,,,,,,,,,,,,,,,,,,,,,,,
,,,,,,,,,,,,,,,,,,,,,,,,,,,,,,,,,,,,,,,,,,,,,,,,,,,,,,,,,,,,,,,
,,,,,,,,,,,,,,,,,,,,,,,,,,,,,,,,,,,,,,,,,,,,,,,,,,,,,,,,,,,,,,,
,,,,,,,,,,,,,,,,,,,,,,,,,,,,,,,,,,,,,,,,,,,,,,,,,,,,,,,,,,,,,,,
,,,,,,,,,,,,,,,,,,,,,,,,,,,,,,,,,,,,,,,,,,,,,,,,,,,,,,,,,,,,,,,
,,,,,,,,,,,,,,,,,,,,,,,,,,,,,,,,,,,,,,,,,,,,,,,,,,,,,,,,,,,,,,,
,,,,,,,,,,,,,,,,,,,,,,,,,,,,,,,,,,,,,,,,,,,,,,,,,,,,,,,,,,,,,,,
,,,,,,,,,,,,,,,,,,,,,,,,,,,,,,,,,,,,,,,,,,,,,,,,,,,,,,,,,,,,,,,
,,,,,,,,,,,,,,,,,,,,,,,,,,,,,,,,,,,,,,,,,,,,,,,,,,,,,,,,,,,,,,,
,,,,,,,,,,,,,,,,,,,,,,,,,,,,,,,,,,,,,,,,,,,,,,,,,,,,,,,,,,,,,,,
,,,,,,,,,,,,,,,,,,,,,,,,,,,,,,,,,,,,,,,,,,,,,,,,,,,,,,,,,,,,,,,
,,,,,,,,,,,,,,,,,,,,,,,,,,,,,,,,,,,,,,,,,,,,,,,,,,,,,,,,,,,,,,,
,,,,,,,,,,,,,,,,,,,,,,,,,,,,,,,,,,,,,,,,,,,,,,,,,,,,,,,,,,,,,,,
,,,,,,,,,,,,,,,,,,,,,,,,,,,,,,,,,,,,,,,,,,,,,,,,,,,,,,,,,,,,,,,
,,,,,,,,,,,,,,,,,,,,,,,,,,,,,,,,,,,,,,,,,,,,,,,,,,,,,,,,,,,,,,,
,,,,,,,,,,,,,,,,,,,,,,,,,,,,,,,,,,,,,,,,,,,,,,,,,,,,,,,,,,,,,,,
,,,,,,,,,,,,,,,,,,,,,,,,,,,,,,,,,,,,,,,,,,,,,,,,,,,,,,,,,,,,,,,
,,,,,,,,,,,,,,,,,,,,,,,,,,,,,,,,,,,,,,,,,,,,,,,,,,,,,,,,,,,,,,,
,,,,,,,,,,,,,,,,,,,,,,,,,,,,,,,,,,,,,,,,,,,,,,,,,,,,,,,,,,,,,,,
,,,,,,,,,,,,,,,,,,,,,,,,,,,,,,,,,,,,,,,,,,,,,,,,,,,,,,,,,,,,,,,
,,,,,,,,,,,,,,,,,,,,,,,,,,,,,,,,,,,,,,,,,,,,,,,,,,,,,,,,,,,,,,,
,,,,,,,,,,,,,,,,,,,,,,,,,,,,,,,,,,,,,,,,,,,,,,,,,,,,,,,,,,,,,,,
,,,,,,,,,,,,,,,,,,,,,,,,,,,,,,,,,,,,,,,,,,,,,,,,,,,,,,,,,,,,,,,
,,,,,,,,,,,,,,,,,,,,,,,,,,,,,,,,,,,,,,,,,,,,,,,,,,,,,,,,,,,,,,,
,,,,,,,,,,,,,,,,,,,,,,,,,,,,,,,,,,,,,,,,,,,,,,,,,,,,,,,,,,,,,,,
,,,,,,,,,,,,,,,,,,,,,,,,,,,,,,,,,,,,,,,,,,,,,,,,,,,,,,,,,,,,,,,
,,,,,,,,,,,,,,,,,,,,,,,,,,,,,,,,,,,,,,,,,,,,,,,,,,,,,,,,,,,,,,,
,,,,,,,,,,,,,,,,,,,,,,,,,,,,,,,,,,,,,,,,,,,,,,,,,,,,,,,,,,,,,,,
,,,,,,,,,,,,,,,,,,,,,,,,,,,,,,,,,,,,,,,,,,,,,,,,,,,,,,,,,,,,,,,
,,,,,,,,,,,,,,,,,,,,,,,,,,,,,,,,,,,,,,,,,,,,,,,,,,,,,,,,,,,,,,,
,,,,,,,,,,,,,,,,,,,,,,,,,,,,,,,,,,,,,,,,,,,,,,,,,,,,,,,,,,,,,,,
,,,,,,,,,,,,,,,,,,,,,,,,,,,,,,,,,,,,,,,,,,,,,,,,,,,,,,,,,,,,,,,
,,,,,,,,,,,,,,,,,,,,,,,,,,,,,,,,,,,,,,,,,,,,,,,,,,,,,,,,,,,,,,,
,,,,,,,,,,,,,,,,,,,,,,,,,,,,,,,,,,,,,,,,,,,,,,,,,,,,,,,,,,,,,,,
,,,,,,,,,,,,,,,,,,,,,,,,,,,,,,,,,,,,,,,,,,,,,,,,,,,,,,,,,,,,,,,
,,,,,,,,,,,,,,,,,,,,,,,,,,,,,,,,,,,,,,,,,,,,,,,,,,,,,,,,,,,,,,,
,,,,,,,,,,,,,,,,,,,,,,,,,,,,,,,,,,,,,,,,,,,,,,,,,,,,,,,,,,,,,,,
,,,,,,,,,,,,,,,,,,,,,,,,,,,,,,,,,,,,,,,,,,,,,,,,,,,,,,,,,,,,,,,
,,,,,,,,,,,,,,,,,,,,,,,,,,,,,,,,,,,,,,,,,,,,,,,,,,,,,,,,,,,,,,,
,,,,,,,,,,,,,,,,,,,,,,,,,,,,,,,,,,,,,,,,,,,,,,,,,,,,,,,,,,,,,,,
,,,,,,,,,,,,,,,,,,,,,,,,,,,,,,,,,,,,,,,,,,,,,,,,,,,,,,,,,,,,,,,
,,,,,,,,,,,,,,,,,,,,,,,,,,,,,,,,,,,,,,,,,,,,,,,,,,,,,,,,,,,,,,,
,,,,,,,,,,,,,,,,,,,,,,,,,,,,,,,,,,,,,,,,,,,,,,,,,,,,,,,,,,,,,,,
,,,,,,,,,,,,,,,,,,,,,,,,,,,,,,,,,,,,,,,,,,,,,,,,,,,,,,,,,,,,,,,
,,,,,,,,,,,,,,,,,,,,,,,,,,,,,,,,,,,,,,,,,,,,,,,,,,,,,,,,,,,,,,,
,,,,,,,,,,,,,,,,,,,,,,,,,,,,,,,,,,,,,,,,,,,,,,,,,,,,,,,,,,,,,,,
,,,,,,,,,,,,,,,,,,,,,,,,,,,,,,,,,,,,,,,,,,,,,,,,,,,,,,,,,,,,,,,
,,,,,,,,,,,,,,,,,,,,,,,,,,,,,,,,,,,,,,,,,,,,,,,,,,,,,,,,,,,,,,,
,,,,,,,,,,,,,,,,,,,,,,,,,,,,,,,,,,,,,,,,,,,,,,,,,,,,,,,,,,,,,,,
,,,,,,,,,,,,,,,,,,,,,,,,,,,,,,,,,,,,,,,,,,,,,,,,,,,,,,,,,,,,,,,
,,,,,,,,,,,,,,,,,,,,,,,,,,,,,,,,,,,,,,,,,,,,,,,,,,,,,,,,,,,,,,,